--
-- PostgreSQL database dump
--

-- Dumped from database version 16.3 (Postgres.app)
-- Dumped by pg_dump version 16.3

SET statement_timeout = 0;
SET lock_timeout = 0;
SET idle_in_transaction_session_timeout = 0;
SET client_encoding = 'UTF8';
SET standard_conforming_strings = on;
SELECT pg_catalog.set_config('search_path', '', false);
SET check_function_bodies = false;
SET xmloption = content;
SET client_min_messages = warning;
SET row_security = off;

SET default_tablespace = '';

SET default_table_access_method = heap;

--
-- Name: books; Type: TABLE; Schema: public; Owner: benhensor
--

CREATE TABLE public.books (
    id bigint NOT NULL,
    isbn character varying(13) NOT NULL,
    cover_img character varying(300),
    title character varying(100) NOT NULL,
    author character varying(100) NOT NULL,
    published_date date,
    publisher character varying(100),
    category character varying(255)[],
    condition character varying(50),
    notes character varying(255),
    user_id bigint NOT NULL
);


ALTER TABLE public.books OWNER TO benhensor;

--
-- Name: messages; Type: TABLE; Schema: public; Owner: postgres
--

CREATE TABLE public.messages (
    id bigint NOT NULL,
    sender_id bigint NOT NULL,
    recipient_id bigint NOT NULL,
    book_id bigint NOT NULL,
    message text NOT NULL,
    is_read boolean DEFAULT false NOT NULL,
    "createdAt" timestamp with time zone NOT NULL,
    "updatedAt" timestamp with time zone NOT NULL,
    "parentMessageId" bigint
);


ALTER TABLE public.messages OWNER TO postgres;

--
-- Name: messages_id_seq; Type: SEQUENCE; Schema: public; Owner: postgres
--

CREATE SEQUENCE public.messages_id_seq
    START WITH 1
    INCREMENT BY 1
    NO MINVALUE
    NO MAXVALUE
    CACHE 1;


ALTER SEQUENCE public.messages_id_seq OWNER TO postgres;

--
-- Name: messages_id_seq; Type: SEQUENCE OWNED BY; Schema: public; Owner: postgres
--

ALTER SEQUENCE public.messages_id_seq OWNED BY public.messages.id;


--
-- Name: new_books_id_seq; Type: SEQUENCE; Schema: public; Owner: benhensor
--

CREATE SEQUENCE public.new_books_id_seq
    START WITH 1
    INCREMENT BY 1
    NO MINVALUE
    NO MAXVALUE
    CACHE 1;


ALTER SEQUENCE public.new_books_id_seq OWNER TO benhensor;

--
-- Name: new_books_id_seq; Type: SEQUENCE OWNED BY; Schema: public; Owner: benhensor
--

ALTER SEQUENCE public.new_books_id_seq OWNED BY public.books.id;


--
-- Name: users; Type: TABLE; Schema: public; Owner: benhensor
--

CREATE TABLE public.users (
    id bigint NOT NULL,
    username character varying(50),
    email character varying(100) NOT NULL,
    password character varying(120) NOT NULL,
    phone character varying(50),
    address_line1 character varying(100),
    address_line2 character varying(100),
    city character varying(50),
    postcode character varying(20),
    latitude double precision,
    longitude double precision,
    preferences character varying(255)[],
    liked_books bigint[] DEFAULT ARRAY[]::bigint[]
);


ALTER TABLE public.users OWNER TO benhensor;

--
-- Name: users_id_seq; Type: SEQUENCE; Schema: public; Owner: benhensor
--

CREATE SEQUENCE public.users_id_seq
    START WITH 1
    INCREMENT BY 1
    NO MINVALUE
    NO MAXVALUE
    CACHE 1;


ALTER SEQUENCE public.users_id_seq OWNER TO benhensor;

--
-- Name: users_id_seq; Type: SEQUENCE OWNED BY; Schema: public; Owner: benhensor
--

ALTER SEQUENCE public.users_id_seq OWNED BY public.users.id;


--
-- Name: books id; Type: DEFAULT; Schema: public; Owner: benhensor
--

ALTER TABLE ONLY public.books ALTER COLUMN id SET DEFAULT nextval('public.new_books_id_seq'::regclass);


--
-- Name: messages id; Type: DEFAULT; Schema: public; Owner: postgres
--

ALTER TABLE ONLY public.messages ALTER COLUMN id SET DEFAULT nextval('public.messages_id_seq'::regclass);


--
-- Name: users id; Type: DEFAULT; Schema: public; Owner: benhensor
--

ALTER TABLE ONLY public.users ALTER COLUMN id SET DEFAULT nextval('public.users_id_seq'::regclass);


--
-- Data for Name: books; Type: TABLE DATA; Schema: public; Owner: benhensor
--

COPY public.books (id, isbn, cover_img, title, author, published_date, publisher, category, condition, notes, user_id) FROM stdin;
1	9780748114498	https://books.google.com/books/content?id=blpEKEVF9UsC&printsec=frontcover&img=1&zoom=6&edge=curl&imgtk=AFLRE73HS22TI4-2QQtntvUL8ABjOUMBWBuy3uSoaHHerDJ12ZPuuJTjU_Fo14vVUZguvMfFjCDBb9QpprrCMxHyb10dhnllXy5Bg_skJH9eR5qMbOpQPeAKtm9Pc3MkYo343xtWsaEh&source=gbs_api	Fool	Christopher Moore	2010-02-04	Hachette UK	{Fiction}	Good	A good copy, no wear at all.	18
3	9780099563082	https://books.google.com/books/content?id=zXUmUO_OQr8C&printsec=frontcover&img=1&zoom=3&edge=curl&imgtk=AFLRE71JIaUR-KYUhPYT0KqB2Pstq3jHZoYrV5feaMP1rEJvcwfzRLW7jTAg_2YWR1AOR0MEr6bf5gJcJmyH8-nBX0I3Idy2EGL_y6H2F0Zy15_PYAhiyHp6YlbevEgtyCg8-qmhvBoq&source=gbs_api	Memoirs of a Geisha	Arthur Golden	2011-01-01	Random House	{Fiction}	Fair	Some wear on a few pages but otherwise good.	13
5	9781908435484	https://books.google.com/books/publisher/content?id=yo5GBAAAQBAJ&printsec=frontcover&img=1&zoom=6&edge=curl&imgtk=AFLRE726USVU8-BSxby6Jlb4Xcho9FU-Eur9D-Yp7mu5SAHp3hD_FPBcuR2w1QRuCbsDYRQd8gAz_WKkT8xyG_9FD2o2Hs6Y4HsRViSFglia4ZBuhOtk_DhyEnVV9Tp-7dKmiF1lFR5n&source=gbs_api	The Maze Runner	James Dashner	2013-12-05	Chicken House	{Fiction,"Young Adult"}	As New	A very good read!	10
8	9780748113354	https://books.google.com/books/content?id=NljT2Bn3Y-wC&printsec=frontcover&img=1&zoom=6&edge=curl&imgtk=AFLRE71nU9fEnwR1M0RO4muOq1oBIauH1TPXVSqn6KJhyASKH3AeCr0VfPIbqMIT1dKycLOG4h25Zg7g-x_38H0LCSBNn-4-MJKCiiNU04eTHY4rTc6t-gADHQpyaZF9GNAt6TNsEOyA&source=gbs_api	Oryx And Crake	Margaret Atwood	2009-09-03	Hachette UK	{Fiction,"Science Fiction"}	Fair	A bit old now but still good.	15
9	9781529045147	https://books.google.com/books/publisher/content?id=gbnrDwAAQBAJ&printsec=frontcover&img=1&zoom=6&edge=curl&imgtk=AFLRE70DiOKI-mU0ATyzvGbjLVp8VCrkY6ItLi8Vx5AzyoUCyKm4PiqO7A2ebkjPnFmSzWpmUngiPHZhVSuaftGa6PUicXrMllhL9qw7wv3hNHO9MeLOPkObCZn9v-lOPNoPq9lpSVqY&source=gbs_api	Wild	Kristin Hannah	2020-07-23	Pan Macmillan	{Fiction}	Good	No damage, still very good.	19
10	9780008194994	https://books.google.com/books/publisher/content?id=bkBcEAAAQBAJ&printsec=frontcover&img=1&zoom=6&edge=curl&imgtk=AFLRE70E1Nyi0CMs08gu0Y1VGorcwtaV6Xp5CsxroEZBHWV3dcrPFCUETIu7EdCyb7eVj8XxhvuKQJLPZSs5dkM_j2AcwvQnOtsXSXvWEj-Md7rrGNT16jzOagHzE0Xh2MgnU0FnNgCF&source=gbs_api	In a Thousand Different Ways	Cecelia Ahern	2023-04-13	HarperCollins	{Fiction,"Young Adult"}	Good	Lovely book, good condition.	19
11	9780553818208	https://books.google.com/books/content?id=6kCwGv1cx20C&printsec=frontcover&img=1&zoom=3&edge=curl&imgtk=AFLRE728DaD6UDDDAf5f2exMCBxR1BzTA8_2ApbFth6FmaG6M2bNH739LJKY5OCe-I-0vW0qDCDFEHRA2X1lV8ZSf2U9hhshfEwoX5yfhWqfrIislvN-crjh19yeSSrA8ugTlSnEC0sl&source=gbs_api	The Terror	Dan Simmons	2008-01-01	Random House	{Fiction,Horror,Thriller/Suspense,"Historical Fiction"}	As New	Perfect condition.	14
12	9781250794659	https://books.google.com/books/publisher/content?id=VpEoEAAAQBAJ&printsec=frontcover&img=1&zoom=6&edge=curl&imgtk=AFLRE70u297bELCi78JO9hsmjarYkdMDmTFYmDuK0SVzDGtcKtCAONdafTT8bn_kYX_oJkHN6NCyPEQBP6sp0sODk1KCxFAyczZKvb_JQHGMLD1BScWPoJPLrVou6U6dVNVLNVipr2Io&source=gbs_api	Manhunt	Gretchen Felker-Martin	2022-02-22	Tor Publishing Group	{Fiction,"Science Fiction",Horror}	Good	Some wear to the cover but generally good.	14
13	9780312536633	https://books.google.com/books/content?id=l4lxLsH2n3YC&printsec=frontcover&img=1&zoom=1&imgtk=AFLRE72X_19d2yORoRPEm8Sv-JXP40_DTiXGqpYNW0R0CdbXFFKnGrUupeadqi7odzyt4FsRb-31MrubGqGg3-ep8sG0--_GpqWT5jNRI6g8TjVlSF46Af3eYeXLatwF8KGl1fBc8XP_&source=gbs_api	The Forever War	Joe Haldeman	2009-02-17	St. Martin's Publishing Group	{Fiction,"Science Fiction"}	Good	Still good condition, a few worn pages. 	11
14	9781841153391	https://books.google.com/books/content?id=yTm2WU6XtosC&printsec=frontcover&img=1&zoom=6&edge=curl&imgtk=AFLRE721oIevX02hsaqZfYXKtVbRbgrlgtP76LycxhKIa4bcNcAoiy5YFHVoHpR7QkdRhriE-FcpV0TFHWARgwNSLtOhdSMFvX12Uv124fueFCDdQNit_Tia74Of82-29hzfV2Cdhamv&source=gbs_api	Every Day is Mother's Day	Hilary Mantel	2006-01-01	HarperCollins UK	{Fiction,Comedy}	Fair	Read a few times. Some cosmetic wear.	19
15	9781448118533	https://books.google.com/books/publisher/content?id=-WHkCgAAQBAJ&printsec=frontcover&img=1&zoom=3&edge=curl&imgtk=AFLRE73S5E5m2_P3dVJmr4XplCnLE0Xe4Ua14CT9ZLSRddZ9TupZd1c9kMSw5zAjXEG5QH9tAFbjfDULfnb9bT3Gbldb12TVSjz5p_l8C4tkY4T8Ziv-lxQNs1ArqS3Z72gylQV_x6BW&source=gbs_api	Moranifesto	Caitlin Moran	2016-03-10	Random House	{Comedy,Non-Fiction,"Biography & Autobiography"}	Good	Very good condition.	19
16	9780241997932	https://books.google.com/books/content?id=-AxSzwEACAAJ&printsec=frontcover&img=1&zoom=1&imgtk=AFLRE73QBD5MVgUufzhiitR3mcuYCcqctp7lqG_64FXO2wMTdffG9FGQh7wglBNv__r16mKNma8RW8hkhzLXb4O8WjXIbqC_i5UI4E8yx2BCde67yyFFNvST5gaiuusdJd3CFIFi54za&source=gbs_api	Happy Place	Emily Henry	2023-01-01	Penguin Books, Limited	{Romance,Fiction,Comedy}	Good	Read on holiday, a little water damage on the cover but still OK.	19
17	9780553900330	https://books.google.com/books/content?id=2vnbMzYXBQsC&printsec=frontcover&img=1&zoom=1&imgtk=AFLRE73S3k9TY3T3WO3X_WRRcnOobV-WwrYcjQkb2dPYEu9fcIVi72IZsX8RG-54TAYqZrNKbt77gyYCNm4vhWkeHwF92CJCfJUAkAwjkt4q7ABulEkaoVlNUYuZDJNKDR1MApzNn-Rn&source=gbs_api	I, Robot	Isaac Asimov	2004-06-01	Random House Worlds	{"Science Fiction"}	Fair	I got this seconhand, it's a bit worn but still OK.	11
4	9781662511455	https://books.google.com/books/content?id=ZrZZ0AEACAAJ&printsec=frontcover&img=1&zoom=1&imgtk=AFLRE72K5mrH5HUlTbAv7XJJ0JtVnCXL1ghH7VKfll_0BwUXiteLoznEyyu99KMzXRvhwvbHT9xNL_nFcMWhTlKLm3b-1gVi0Jio7Gmue_6AH_3lTslXyXOQcaZcmrg61z3okNKDtT_D&source=gbs_api	Table for Five	Izzy Bromley	2024-06-25	Lake Union Pub	{Fiction,"Young Adult"}	As New	Never read, an unwanted gift.	19
18	9781405939775	https://books.google.com/books/publisher/content?id=RWddDwAAQBAJ&printsec=frontcover&img=1&zoom=6&edge=curl&imgtk=AFLRE73pwX4mLwa28k9P6y1gZxgYIe8LSMRBfazWZtrCPh85Rn62KxDQUdqFa4-uzdwZ8qfpj4pZaYm3xF5x9IiueX8KzLl5V5i9q03yJVfOjzmnjpUSSiVdpwwWg0cD8p2xOp7qZ8Ki&source=gbs_api	The Chestnut Man	Søren Sveistrup	2019-01-10	Penguin UK	{Thriller/Suspense,Fiction}	Poor	Still readable but some pages are loose. None missing tho. 	14
19	9780297860242	https://books.google.com/books/content?id=HB_DlQ766yMC&printsec=frontcover&img=1&zoom=6&edge=curl&imgtk=AFLRE731n5UU5YqbG499ELHqO-3CEluqiv-8RiP72TKw2k_R6BBk1iJsfQC_VafUp6oH53cqxWasEZ55EW7GkK8dXM9uxIzfTrFR6oO9Fk-szgAP1c8gTHaOTx6uuXqZ26PI1z3EkA7d&source=gbs_api	Sharp Objects	Gillian Flynn	2009-09-03	Hachette UK	{Fiction,Thriller/Suspense}	Fair	Incredible book, a bit worn but completely fine to read.	14
20	9781448117796	https://books.google.com/books/publisher/content?id=j_rJAgAAQBAJ&printsec=frontcover&img=1&zoom=3&edge=curl&imgtk=AFLRE72-dlsQXzjxBzj3_jfbw-yp_VkXBxv23R_FBcEJy87ftMLPgwxob-y79CWIRNVReE2zcjhPsnH_Sk1WaYICO8oc7buqo9sOSEoq-M9FUd7a8vELCkRnFI3b93vDDn-QNFuYlxm9&source=gbs_api	The Kill	Jane Casey	2014-06-05	Random House	{Fiction,Thriller/Suspense,Mystery}	Good	Good condition.	14
21	9781848940833	https://books.google.com/books/content?id=LC32OW8iVUQC&printsec=frontcover&img=1&zoom=6&edge=curl&imgtk=AFLRE71gNy0xa5QMYF_yLMkW3Ft3-YYx-Tg0AlzVY6ZNa6lu4QsZwo_kAVHZGqFw5qF4Hysm3buocwUtFfpd6AszuINLwnfOaiMkqkmmoLwfIVwPhPgwjszoGGKq7YoeTATwxXGwytv4&source=gbs_api	The Stand	Stephen King	2008-12-11	Hachette UK	{Horror,Fiction}	Fair	A bit tatty in places but otherwise fine.	14
22	9780099556312	https://books.google.com/books/content?id=drRsu1CjsYIC&printsec=frontcover&img=1&zoom=3&edge=curl&imgtk=AFLRE71yhDPogywVIorNpOygCd6F09tGBEHx7sDS_qbv8TbVKI53q7Ew5Z-FyODfogh5SFnnDnRac_7RmMuyV98mKYOUX4BkYQq102VaesfrEIagCWFyjr8mdKrE7DSStVHdRlAGbh8p&source=gbs_api	Airframe	Michael Crichton	1997-01-01	Random House	{Fiction,Thriller/Suspense,"Science Fiction"}	Good	Very good condition, almost as new.	14
23	9781529342529	https://books.google.com/books/publisher/content?id=OTjcEAAAQBAJ&printsec=frontcover&img=1&zoom=6&edge=curl&imgtk=AFLRE71tFRX7GhJzVgQT4K2gYI7Me3IlI2X4N-kFpq9ZlTV3XqOlmjRxEhfS6I7fZOT0EcR8i6O6MQ8SMCHRrZxtISk9v2zDvz3y8ur8TaE5sW4tJiK0L5ALph3CPwoWPak9UkUZEdoT&source=gbs_api	Camino Ghosts	John Grisham	2024-05-28	Hachette UK	{Fiction,Mystery,Thriller/Suspense,"Historical Fiction"}	As New	I was given this but I've already read it.	14
24	9789176459065	https://books.google.com/books/publisher/content?id=IBujCgAAQBAJ&printsec=frontcover&img=1&zoom=6&edge=curl&imgtk=AFLRE71n84jWVITiKs-BExTuZmtBPKD3gmeM6mybb2GW5RdqmJ_OCKGrsPfXYFuthsV3vB8N__MPwVIuxK5jOIsfnb8gcdV_ctR7kLJ06zo9WlCB3rZwEiODpqniW48E9tjyHl8nKYVX&source=gbs_api	Gone Girl (Movie Tie-In Edition)	Gillian Flynn	2015-01-01	Modernista	{Fiction,Mystery,Thriller/Suspense}	As New	Only read once, really good condition.	14
25	9781405512848	https://books.google.com/books/content?id=5efg7oENdcIC&printsec=frontcover&img=1&zoom=6&edge=curl&imgtk=AFLRE71G2Pw2XPGFvqSmfOi_FN3Y6Qm4xobF7cHzQiFxkG-to-lSBEGKkqfsTRLpMy6U80e6gNpj7PPZTq46YfYlrlxavdAj_UMVx4rHNQR-qu-aeFvTBclc3llE9GvPMJuMJK5OZOfN&source=gbs_api	The Hydrogen Sonata	Iain M. Banks	2012-10-04	Hachette UK	{"Science Fiction"}	As New	Read once	11
26	9780552169929	https://books.google.com/books/content?id=So4NOO9Yq54C&printsec=frontcover&img=1&zoom=3&edge=curl&imgtk=AFLRE72m_KBkxZsX6arfbxopQbPZG5rq1mtpj0xVUTQp-9uKZcaPdYizDsE53xV00o3API_22i993aicRAAN0nzax48qexhy8R-k6lCjv07Bjfnpyd3GZBgUWraMnOAx4k_XWRRG6alS&source=gbs_api	The Da Vinci Code	Dan Brown	2013-01-01	Random House	{Fiction,Mystery,Thriller/Suspense}	Good	Read a few times but still in good shape!	14
27	9781472154637	https://books.google.com/books/publisher/content?id=jVB1DwAAQBAJ&printsec=frontcover&img=1&zoom=6&edge=curl&imgtk=AFLRE73_5qbMiT6OMLLXpTd-AWSHR9NfEKeUKwk-DCujwTc0oDruNMCc5Mk1Y6vJ87d5OSNtO-F2LzApwL6qeHV6vLgVo7LA9gRL04SyXPpowczq_a8rkHsJc2-yxP8sIUPbwDjMWiQb&source=gbs_api	Where the Crawdads Sing	Delia Owens	2018-11-08	Hachette UK	{Fiction,"Young Adult",Thriller/Suspense}	As New	I have this already as this was an unwanted gift.	9
28	9781784870799	https://books.google.com/books/publisher/content?id=qiCrCQAAQBAJ&printsec=frontcover&img=1&zoom=3&edge=curl&imgtk=AFLRE70TBsYvs2_JuITQFVVvOvBmtYKDu5yWH66myrx3vX57JB2L99_c6A9uyA_IXS-g0FR1kUdXC7IPvK1LWbVAmhfl6k3TuUhaEDoBe4h0yE3AZN_kNnFwEusm6_LquI3a367q5Q0r&source=gbs_api	To Kill a Mockingbird	Harper Lee	2015-01-01	Random House	{Fiction,"Young Adult"}	Good	Classic book, this is a good copy.	9
29	9780241323458	https://books.google.com/books/publisher/content?id=4G9ODwAAQBAJ&printsec=frontcover&img=1&zoom=6&edge=curl&imgtk=AFLRE73pcbchw4rqP8xiKmu2f8uDer5yHVgAGqqBKpKVfdaZIrx4S7y7yWE6ytrZKAVEjE2JTPZ_by1UAyHV1MAztBAr3JG44ylFSRGN1YTzWAKy9Q2YrM85SlTTXG_IlG4MUTNkZZOU&source=gbs_api	Tinker Tailor Soldier Spy	John le Carré	2018-09-27	Penguin UK	{Fiction,Mystery,Thriller/Suspense}	Fair	A bit worn as read many times but still ok.	9
30	9780141968155	https://books.google.com/books/content?id=P5NN3BfiuDYC&printsec=frontcover&img=1&zoom=6&edge=curl&imgtk=AFLRE72XEBnLHz-nVyv9pROnUVcul0QA1CUSAnGl5FZvlSSwzT_--mtErWRY8A91i1r3FCW8ifEA5H3ivFTHu1nYnnSvkBmJx8wQBYdndKr7A9ChF_51mMQ83F-MnC6DjQ5H5XOYbdUH&source=gbs_api	The Chill	Ross Macdonald	2012-07-05	Penguin UK	{Fiction,Mystery,Thriller/Suspense}	Good	Very good, hardly any wear at all. 	9
31	9780857522313	https://books.google.com/books/publisher/content?id=pTQyBgAAQBAJ&printsec=frontcover&img=1&zoom=3&edge=curl&imgtk=AFLRE72lkymh_APAtnER2UYXk1ECmGPrthoisR7xJzuCXOlJRLiINi5AFmead2ywW4CTSY7Eu4IlqL2N0KmtB96HL_LpKkbMd4mrTXC8z_8eb0gBkPibGYiSDr5zIkVj7qg-ufflxOMI&source=gbs_api	The Girl on the Train	Paula Hawkins	2015-01-01	Random House	{Fiction,Thriller/Suspense}	Fair	Really good condition.	9
32	9781627795227	https://books.google.com/books/publisher/content?id=yhIRBwAAQBAJ&printsec=frontcover&img=1&zoom=6&edge=curl&imgtk=AFLRE71f9VLvZcNX0tMoC7hTBJ3An-qoD1kSeaJ2u3zd-QqXiw9I7HHRLY8NkTH3jAXwn8umWicDyp-1hCoFgrRmOA8-Z14QTj88XGgSQVf-1Wr3T6aHia4epE519LbrcaL3CeNMXw6Y&source=gbs_api	Six of Crows	Leigh Bardugo	2015-09-29	Henry Holt and Company (BYR)	{"Young Adult",Fantasy}	Good	Perfectly good copy.	18
33	9780141966106	https://books.google.com/books/content?id=Oxk9HDvawAMC&printsec=frontcover&img=1&zoom=6&edge=curl&imgtk=AFLRE73Y3pXeCZgviUixj-N9L6SCDJnUrYLVzVJgtKA1a0M49i1zz9vUgPOqxWV_hXnFGI6IeCKN7lhv3K9nTpyWd_jRKXkeb1qcE5sgxoNfYZes0rj2X3XIfQ6dpIOVtglIq_zpLs_7&source=gbs_api	Washington	Ron Chernow	2010-12-02	Penguin UK	{Non-Fiction,"Biography & Autobiography"}	Poor	Picked this up at a market years ago. Very worn.	9
34	9780593080696	https://books.google.com/books/publisher/content?id=SIiVDwAAQBAJ&printsec=frontcover&img=1&zoom=4&edge=curl&imgtk=AFLRE72NCIxWYlCK3reK4UykGSBc6L9ElI7XpAJezRxFzkNhP93YDJ9iqewRCA76IovjczPvnDXmDkwFmq7LpwMZKtGi0JoUeTrqaXpyftTUhDyDZ_OuWDAsfVlESo_wnL9z2IXm5wWi&source=gbs_api	Hiroshima	John Hersey	2019-06-05	Knopf Doubleday Publishing Group	{Non-Fiction,History}	Good	Very interesting book, pretty good condition for an old copy.	9
35	9781446449332	https://books.google.com/books/content?id=xvcAhdF-VlgC&printsec=frontcover&img=1&zoom=3&edge=curl&imgtk=AFLRE71_jVxc86SGMUNWZLrL2Ijf7GzpFr4DbN9KKMkEvaM2CDGD_djFJrA3nj-gift9frwjWQT8eebatSu6Ms1yYm9ISNmuirTjNUDAxt-hAbjPOs1xbLM0Rfea6uX0vy-7bE9GA1iY&source=gbs_api	Marcus Aurelius	Frank McLynn	2011-12-31	Random House	{"Biography & Autobiography","Historical Fiction",History,Non-Fiction}	Fair	Only read it once, a bit worn in places.	9
36	9780007422289	https://books.google.com/books/content?id=tnX464mjjbgC&printsec=frontcover&img=1&zoom=6&edge=curl&imgtk=AFLRE71H0DkNm6XYXZkH2bkXfujDVTYVNgyf2XPyC5ocC914ODPuy4Hg2OPkPUOOdpEKt5BA7q_6E-julEA0mRXCgtKjRYlEqPYGu5hL1BxPLrXqTYpm5Hx078KCU85AsO6XOS9rmuUs&source=gbs_api	Death on the Nile (Poirot)	Agatha Christie	2010-10-14	HarperCollins UK	{Mystery,Thriller/Suspense,"Historical Fiction"}	As New	Perfect condition, no wear at all.	9
37	9781849166133	https://books.google.com/books/publisher/content?id=bUhhBQAAQBAJ&printsec=frontcover&img=1&zoom=6&edge=curl&imgtk=AFLRE70y6QflEJ6pwgJcSQzpYYfzsbLAhdFyi6c0YDNAN4tcuZ_v1ZtQO-WAzOgCxmg6FVGY5oM8fElAyUmfpgl8luiyvVLCVF550LoZPZw7RnUO1BffU17rsJ42vTaEGMoytEmNORPJ&source=gbs_api	Black Hills	Dan Simmons	2010-04-01	Hachette UK	{Fiction,"Science Fiction"}	Good	Read a few times, a little wear but OK.	17
38	9780679604075	https://books.google.com/books/content?id=Y03WKII5m7QC&printsec=frontcover&img=1&zoom=4&edge=curl&imgtk=AFLRE71tPG6m7pyZLls7s7w4XgyVoM91mj5vDVSZ2tbmD7stRwX718dDB5jRhmrrLgVQmNMNUHcFIZQUuqsDuedGNktq_U2UiM_hhmCgnF1BnC30No7ofaB2g4u5jaj9xIHE5QFQM9oG&source=gbs_api	The Warmth of Other Suns	Isabel Wilkerson	2010-09-07	Knopf Doubleday Publishing Group	{History,Non-Fiction}	As New	Mint condition copy.	9
39	9780547249643	https://books.google.com/books/content?id=kotPYEqx7kMC&printsec=frontcover&img=1&zoom=6&edge=curl&imgtk=AFLRE71jEwA5FeS5mEjvsg89d4QOkZPjBPtuc9s69uJvfvLaFGK9mfr5dVDEV1ku09ae4sBHgplhK6dyKHfaBG7yyulJZqU4JF31rEq9LkAs4HK0f_t65Yj8sAr30mJRJW-Rv1ZoxTJz&source=gbs_api	1984	George Orwell	2013-09-03	HarperCollins	{Fiction,"Historical Fiction","Science Fiction"}	Good	Great copy of a classic!	10
40	9780007425389	https://books.google.com/books/content?id=rIqOaeTx074C&printsec=frontcover&img=1&zoom=6&edge=curl&imgtk=AFLRE70dldHw8UTar5im1cjed_iDZ-EAruYsQ-5nL3_6eJNm6YNEtOShxkNsH9hTnW5lvpAyQJE8r2VMYBiHpmo3PJlJbv9gxsgR7wWsD_mzaKyl-34Fv7LkZVP475SGWpjV7XvEPmFQ&source=gbs_api	The Hobbit (Enhanced Edition)	J. R. R. Tolkien	2011-11-18	HarperCollins UK	{Fantasy}	Good	Read so many times, want to see it go to a good home!	10
41	9780008532796	https://books.google.com/books/publisher/content?id=crZ1EAAAQBAJ&printsec=frontcover&img=1&zoom=6&edge=curl&imgtk=AFLRE70o0ZxaCJXsJKwR59pcTxjlyhIlruGfXdwU-YJR1tDCEDpdXCSnApdXEXHF4QDVNnkMRZso0ISF2ufPip2JEE7F4qZAu1NkuRL1pGXM4oKxnCXurR8feBCLxjg2v9tOuMBWDL44&source=gbs_api	Yellowface	Rebecca F Kuang	2023-05-25	HarperCollins UK	{Fiction,Comedy,Thriller/Suspense}	Good	Received as a gift. Read once and happy to pass on.	10
42	9781447275213	https://books.google.com/books/publisher/content?id=7v4VBAAAQBAJ&printsec=frontcover&img=1&zoom=6&edge=curl&imgtk=AFLRE73w3PmlM0SDXHDir-Y5r7ipPjJeVkn_sBqA5LnX3w0TMt0xPysrXJ63SXVq2WSjXFadWPLO6ddfpAlG3b366h7cEGzO_dge1m7_QEjfZj4mSY715Xljf5x9VvML8apkWn8Ao5Xe&source=gbs_api	The Lovely Bones	Alice Sebold	2014-12-15	Pan Macmillan	{Fiction,"Young Adult",Mystery,Thriller/Suspense}	Fair	It's done the rounds of my family and friends so a little bit worn.	10
43	9781408824856	https://books.google.com/books/content?id=MH48bnzN0LUC&printsec=frontcover&img=1&zoom=6&edge=curl&imgtk=AFLRE73eVeuJIKxIPuy1sWIvfHVczXDV2P-Ng9B-vdfe6i6ShVVEpjtkW27z9QnouQZZkjStdmSQ7B8io5eafG6uoh7VfkoSnPLQq_DPIPPl7qdUcGi236JJV9LXSuaPEukW_siIsECh&source=gbs_api	The Kite Runner	Khaled Hosseini	2011-09-05	A&C Black	{Fiction}	Good	Really good condition. 	10
44	9780571295036	https://books.google.com/books/content?id=ArP-EF-uEdgC&printsec=frontcover&img=1&zoom=6&edge=curl&imgtk=AFLRE71nnlrwU6hqF2TxTJZijpnZaB1ol6pG93Lql7o5Q9Ovc6b--5mCVr3gu7_Z4HLwzIpA-VF9-hnVKu0jNHkq0GyW5FzQuL272HV1PPuYpWGpjU6kp_MEmPdRhQMz0D8rW4G96c-h&source=gbs_api	I Can Make You Hate	Charlie Brooker	2012-10-02	Faber & Faber	{Comedy,Non-Fiction}	Fair	Some damage to the back cover but still readable.	15
45	9780545229937	https://books.google.com/books/content?id=Yz8Fnw0PlEQC&printsec=frontcover&img=1&zoom=6&edge=curl&imgtk=AFLRE72cjUJZt7WjTqowm7ia_UGZYM-n9N3HD-vBcvVPXaWPlDqpjVz7OoOzphC61Fo67sSwPn13_JfM609kkXsJe0fR6tItquN7uWpmhR6LGQQoNWPIisSfYDZnXIcUjwOSNJ00oJO4&source=gbs_api	The Hunger Games (Hunger Games, Book One)	Suzanne Collins	2009-09-01	Scholastic Inc.	{"Young Adult"}	Good	Cracking book!	10
46	9780374389413	https://books.google.com/books/publisher/content?id=mdBMEAAAQBAJ&printsec=frontcover&img=1&zoom=6&edge=curl&imgtk=AFLRE70Js89kQRHctEjMkARsxSb3_r-gCy3tkFYVu5OeGJo5XkxGcUlWN9VEWwy6NiNzr3UDDxu9V_oYCzp8Ljv8O9R6DIKGeviLAfc0dGTPcUIQ_C0aQMVtNxfbbGsH26BVl-XNHdBJ&source=gbs_api	A Tempest of Tea	Hafsah Faizal	2024-02-20	Farrar, Straus and Giroux (BYR)	{"Young Adult",Fantasy}	As New	Only read once, as new!	18
48	9781785657832	https://books.google.com/books/publisher/content?id=ahdiDwAAQBAJ&printsec=frontcover&img=1&zoom=6&edge=curl&imgtk=AFLRE7013v2Euh2GcM1ketFAqtOfjjl3-Sd8MAnq9OhoM9coDZAiYPcOYB67NaQbuwyOkAV6WzOzds8SHYUG5eYUQChwM7mxJVRLuEWrDjoXvHCmG4OHqXacVMbJc1sGcscwnZgg8sR6&source=gbs_api	The Cabin at the End of the World	Paul Tremblay	2018-06-26	Titan Books	{Horror,Thriller/Suspense}	Good	Good condition.	17
49	9781476750248	https://books.google.com/books/content?id=t69zKBBe9OsC&printsec=frontcover&img=1&zoom=6&edge=curl&imgtk=AFLRE73sOwU2bc10tKojrFgG8VObrQOa7j_00yo7aH6We441oyo_3ecoK0gKF1EmlFvAnYHiXfZP-xPCSrleoZC9J3U242WQZpYhuOZw2Ix2Joy8tAcEA5N9W5fjPUIVq14eKlltFU6p&source=gbs_api	The Wasp Factory	Iain Banks	2013-07-02	Simon and Schuster	{Horror,Fiction}	Good	Only read once so very good condition.	11
50	9781448197088	https://books.google.com/books/publisher/content?id=DNnvCAAAQBAJ&printsec=frontcover&img=1&zoom=3&edge=curl&imgtk=AFLRE73OBiqgmZLJlmj4-Ha6XocSvuM5esQqe9SxhfPIoxRKVg-Zf0De3xjarMaDkZ6GcINolJxR15QAtBO-qiFZRsChG2o5DiRersrKfiLq_0IqOSEbcZkrProKeNPgAXnrUeIje3Aj&source=gbs_api	Everything, Everything	Nicola Yoon	2015-09-03	Random House	{"Young Adult",Romance,Fiction}	Good	Loved this, great condition too. 	18
51	9781250186935	https://books.google.com/books/publisher/content?id=oTU0DwAAQBAJ&printsec=frontcover&img=1&zoom=6&edge=curl&imgtk=AFLRE727zCfDTDahR2m7RrlHa6Y0IJMhhqDJBSbQy8zIz9C0mF_SiVO0xSQkHdBNAPp_8zKwVLs-m3I19dpYkXEZ1_DDXynEcx_AFeRMOjriWBa4cXa6QItp5GUxGxKnrk_H02dSiW6d&source=gbs_api	Artificial Condition	Martha Wells	2018-05-08	Tor Publishing Group	{"Science Fiction"}	As New	A great series of books. This one's in very good condition. 	11
52	9780141339429	https://books.google.com/books/content?id=Wzuy7A522B4C&printsec=frontcover&img=1&zoom=6&edge=curl&imgtk=AFLRE71KBme3NKSrqpP0mVNWtSXvFvIhcWUrUN2osvhhrUyidKB5rQ-L6I4qADAPpV8CJ7x4B8Aj6myKXmMOS6QqJ44Rb3gjfKc2KMLNSqa56wl-5DaoUEVv1zdxi31jgWXfNP3dZd7d&source=gbs_api	Legend	Marie Lu	2012-02-02	Penguin UK	{"Young Adult","Science Fiction"}	Good	Pretty good condition. Only read a couple of times.	12
53	9780062327208	https://books.google.com/books/publisher/content?id=3r73BQAAQBAJ&printsec=frontcover&img=1&zoom=6&edge=curl&imgtk=AFLRE7275uPb5SwH9ycT_lGMz6kUTRcnyEVcIecS7lEGg74T9zc7LkYpYZH-C0VYPCjxViQL_2NXeEYZN2pM4_4HHjtrCdQS12BdgWuYLiGgOJpNY0SJPdAeZn0D85EYSxtIr_eOE-bi&source=gbs_api	Dumplin'	Julie Murphy	2015-09-15	HarperCollins	{"Young Adult",Fiction}	Fair	Slight wear and tear but still ok.	18
54	9780544340688	https://books.google.com/books/publisher/content?id=Coi9AwAAQBAJ&printsec=frontcover&img=1&zoom=6&edge=curl&imgtk=AFLRE737ygRb4X0WdX6y9tmP8x2li_V19g_GHU1WR_zN57Wj6s5sBiTBnse4UtSvEYl64NnV0qZ-_P9TdKPA_8SNJINKbWY1p9aSm-FZeAPpP2OyBAxw1tYx7xQfkPkFO7yv7lB4oZ_Y&source=gbs_api	The Giver	Lois Lowry	2014-01-01	Houghton Mifflin Harcourt	{"Young Adult",Fantasy}	As New	Pretty much good as new.	10
55	9780142424179	https://books.google.com/books/publisher/content?id=QiLaCwAAQBAJ&printsec=frontcover&img=1&zoom=4&edge=curl&imgtk=AFLRE71cIfzADcU_fnAkNIuprqGHkp9bHLGzpYc1n0a02BT5OJojDBAibau8tOPp29N9ZtG4OBzsOSfo_ui9zH5K5dFejzWjv0kGyFOGHw47DO8kTJfqVB_f6sFyOUgUGKnrtYB6IDqh&source=gbs_api	The Fault in Our Stars	John Green	2014-04-08	Penguin Young Readers Group	{"Young Adult",Romance,Fiction}	Good	Loved this, a couple of worn pages but good condition otherwise.	10
56	9780552779739	https://books.google.com/books/publisher/content?id=HdAbAgAAQBAJ&printsec=frontcover&img=1&zoom=3&edge=curl&imgtk=AFLRE70jjaVLJiOBVcGGUDU0WtQopDQb44dDFhRzgYk1ysLIewUPFqsWDBXnjC3w_sp3f6b36D5V4mS434R_eaOnl56DuoCvtxpXOw7mGP0gEIqDM8-wx7dVLJc--sbDm1soDX7YQv3B&source=gbs_api	The Book Thief	Markus Zusak	2013-01-01	Random House	{Fiction}	Good	Great book, no longer needed.	12
57	9781408855676	https://books.google.com/books/publisher/content?id=XWswDQAAQBAJ&printsec=frontcover&img=1&zoom=6&edge=curl&imgtk=AFLRE73R4TZUwcWCyl7ggfmE28X-MqTM8ca5jt9Fo867boCL-2tNLv_9iY54DIJKDrThmUiWzSMsJ6aYGOVR7jpL38LQoYKFwfNxWZiXjFRSCJjKuHUm2vpH_mxK6u9a3-YKKtp7VCD8&source=gbs_api	Harry Potter and the Prisoner of Azkaban	J. K. Rowling	2014-09-01	Bloomsbury Publishing	{Fantasy,"Young Adult"}	Fair	Read a few times and has some small wear.	12
58	9780241989470	https://books.google.com/books/publisher/content?id=XSPkDwAAQBAJ&printsec=frontcover&img=1&zoom=6&edge=curl&imgtk=AFLRE71pLdhfdF89uAejULPeOBs_ZdIOwZ9VuTJ9N0byWQ0WYEtKulwNZtIFuz9wfKSH1-2QMVd15L_gqbQNlP07QW6Nav7DMBqfP4SJBjqIZ37rxL4qmuFGCah7zgur6IUGpN4seUZ4&source=gbs_api	Open Water	Caleb Azumah Nelson	2021-02-04	Penguin UK	{Fiction}	As New	Unwanted gift, happy to give away.	10
59	9780062416216	https://books.google.com/books/publisher/content?id=FzVjBgAAQBAJ&printsec=frontcover&img=1&zoom=6&edge=curl&imgtk=AFLRE71dDfEe8Jtg3lMPMTEQ5TwfUmoFovBy2aOr0Q5JGn279DBs7oHqQL1TTHJIlW52cCkVIfXUPl1cmL7JJp_l5kkL2Eiz6LyWJ3EaC3Qf6HDIC6o9vLk618e5Kp_GcQVjQ2Vcs_uJ&source=gbs_api	The Alchemist	Paulo Coelho	2015-02-24	HarperCollins	{Fiction,"Historical Fiction"}	Fair	Perfectly readable despite some slight damage.	12
60	9780241956533	https://books.google.com/books/content?id=J1Xh_Sc1usIC&printsec=frontcover&img=1&zoom=6&edge=curl&imgtk=AFLRE73L3KoI8wqXshUcN4-iAZY8xpGSr4Atql1ioJx1o7NqkNh_qWCBVRQsmfe0iEtPql86_Zdsxwcvzeo2R3q7C6N_PlrZRUNw5TIFnS7CtN3D4YLaL_iVDr9-JhQxX5gsn1M6PYm1&source=gbs_api	The Help	Kathryn Stockett	2011-01-01	Penguin UK	{Fiction,"Historical Fiction"}	As New	Read this once and need to hand it on.	12
61	9780007324361	https://books.google.com/books/content?id=2XVt8Zrpy0kC&printsec=frontcover&img=1&zoom=6&edge=curl&imgtk=AFLRE71DoBBIht2VvxE4hHG8ZKb0qWRh1ZNZCDTOEwVY5xKqdsFiSzvZ3yPF1GgKVXdY4tPJijz1m7sTe5WZ8TfqRd3Vhrh4BhPNd88hHHKUSARzTdvC8mOt3Pdz6EpnHtOPUFTQuy_7&source=gbs_api	Girl With a Pearl Earring	Tracy Chevalier	2009-04-17	HarperCollins UK	{Fiction,"Historical Fiction"}	Good	This is a pretty decent copy. No damage at all.	12
62	9780007322596	https://books.google.com/books/content?id=FKziXsnqLTEC&printsec=frontcover&img=1&zoom=6&edge=curl&imgtk=AFLRE70rhRFiZU-1Lz8Qz4CeQo0WpO18cjZ1wB8FQVBQEnqYqkwGXV4RLpiH7U1BklaWyIEqscJoNSdVUHKR0wuWS8zMVbrmHGvVHV6EvPPvXLq7_rDWl0kJSaamrUsEo3AJMMZl59re&source=gbs_api	The Lord of the Rings: The Fellowship of the Ring, The Two Towers, The Return of the King	J. R. R. Tolkien	2009-04-20	HarperCollins UK	{Fantasy}	Good	This has been very well cared for and read many times. 	12
63	9780007378425	https://books.google.com/books/content?id=JPDOSzE7Bo0C&printsec=frontcover&img=1&zoom=6&edge=curl&imgtk=AFLRE70lL5C29juqHzsBuP9P-m3godEdvakJoRnHdqt9BsmRIWe0Ghdz-spbCcdLSEkgGOpHFJ2ojfnpgKpjfCP-YM3oHDzVW-bDS08PEPO21Gz_9culvI47dE7sCjjO3iqf2_gvHQMo&source=gbs_api	A Game of Thrones (A Song of Ice and Fire, Book 1)	George R.R. Martin	2010-12-23	HarperCollins UK	{Fantasy}	Good	Read the whole series and need space for new books.	12
65	9791191943610	https://books.google.com/books/publisher/content?id=2YllEAAAQBAJ&printsec=frontcover&img=1&zoom=6&edge=curl&imgtk=AFLRE73iwSJc-Io7gDUMNnc2VqF5IlzX9TSKMYo1ZxnL2xkWCCTsTLpug-YmWSI2ZFAaLulSl2LhyxjTWcQd-WIS0GlMyukOkAyi9r0TYwwX_hCVirDqtzXSkPdI4vsv6k3lV1HIVhAw&source=gbs_api	Jane Eyre	Charlotte Brontë	2021-11-01	이새의나무	{Fiction}	Poor	Fairly worn with one missing page.	13
66	9780091944247	https://books.google.com/books/publisher/content?id=8ZX3DQAAQBAJ&printsec=frontcover&img=1&zoom=3&edge=curl&imgtk=AFLRE723fI9AOhcUoGMOGn95SPrCuWPB3A2knCMlWp4bIXr8kwUjo9Z1jCMNXP9_iOWv1ZoKbxBJTOmmODuo-hU7Xo-cpeCa65KAJ7ctU5RVS10kK7ltnuEeQG39cuki81V9z1r9FGxG&source=gbs_api	The Songs of St Petersburg	Amor Towles	2017-02-09	Random House	{Fiction}	Good	Picked this up second-hand. Still in great condition.	13
67	9781408725801	https://books.google.com/books/publisher/content?id=7MiVEAAAQBAJ&printsec=frontcover&img=1&zoom=6&edge=curl&imgtk=AFLRE71ooe25H3WbddR2BLRGMnhK8ffg1lLShcTMDSVIqAaJ0AGpfftaq2rfFqTRSSvEKNss1YQhP-_HvIe13ccV9tePUDRJaqQ0EsWRBGLEaEDO0UcElEmBNrjeDx0GJmMMND8zli8Z&source=gbs_api	Love Theoretically	Ali Hazelwood	2023-06-13	Hachette UK	{Fiction,Romance,Comedy}	Good	Guilty pleasure! Good condition.	13
68	9781473598140	https://books.google.com/books/publisher/content?id=P-soEAAAQBAJ&printsec=frontcover&img=1&zoom=6&edge=curl&imgtk=AFLRE73IzdK_Rfp2ZhV8-N6ZhzUvnJ4sQlyAWYi_zoWfz1QX2fmsZPL4DDlRkPr082DjNc3rG3HoEPzqhmIK7zBAYQC3dkLUAc2gzsT2pVigyemQUEXagjA2rr9x7Sl0y1OdiE3wnBU7&source=gbs_api	Sapiens A Graphic History, Volume 2	Yuval Noah Harari	2021-10-28	Random House	{Non-Fiction,History}	Good	Very interesting book.	13
69	9781448197095	https://books.google.com/books/publisher/content?id=ybEHDAAAQBAJ&printsec=frontcover&img=1&zoom=3&edge=curl&imgtk=AFLRE72hKWRK56y0t2vqN-_pFU2TVmavFgGhwVVrlyE0MDbXIfWmbRcSXEswRC38ANY4qc0nLjRP19Ml0awrggPhjL5yZwc6jor_c9sIFKAW9Ciw7vcLFt6ZlAqvHPJIYq4_rvC1f5NM&source=gbs_api	The Sun is also a Star	Nicola Yoon	2016-11-03	Random House	{"Young Adult",Romance}	As New	Brand new and unread.	12
70	9781538724743	https://books.google.com/books/publisher/content?id=ISxGEAAAQBAJ&printsec=frontcover&img=1&zoom=6&edge=curl&imgtk=AFLRE71yrbaqKGVIQyLd7wS242Cuhav2KyWhZ9yrM4TrHFULtBBVmPhkaBaQgWvgGWE0BE29LgkLFVbGhyALCD4efyCObA8a8eJ7txBslzzFTF6p34x_pYWswwzWew-4vNvoCWT-h4yA&source=gbs_api	Verity	Colleen Hoover	2021-10-05	Hachette UK	{Fiction,Romance,Thriller/Suspense}	Fair	Some slight wear but pretty good overall.	18
71	9780795311253	https://books.google.com/books/publisher/content?id=TIJ5EAAAQBAJ&printsec=frontcover&img=1&zoom=6&edge=curl&imgtk=AFLRE71frfbS6uUzOBX9TSrts8PeUU-loTDSU3MCgFRlugTu2onLKKL3U56FWudQuJr6AVw5bLzsIJQHnZCMtMwDtFnPf30QTlMSqEUer6Rp9jHELwuH7h_6A34MYLFMgwLP0mvcN-me&source=gbs_api	Brave New World	Aldous Huxley	2011-07-01	Rosetta Books	{"Science Fiction"}	Good	Classic book, great copy.	13
74	9781473571624	https://books.google.com/books/publisher/content?id=QhuJDwAAQBAJ&printsec=frontcover&img=1&zoom=6&edge=curl&imgtk=AFLRE70Cdc_kbecBQOTD4_zkZtODsh9aE4pZOPJbYzT13Tsj_jjSWQsgvePkRwaeoiX36o6Ai-MR9v4DwvmNHsxYUowM83--RiWL01MF-b1V-zKSjxUGVFduDvpk0sWnlbU8Nw01PLWQ&source=gbs_api	The Handmaid's Tale	Margaret Atwood	2019-03-26	Random House	{"Science Fiction",Horror,Fiction}	Good	No damage, a slight crease on the front cover.	13
75	9780008297138	https://books.google.com/books/publisher/content?id=KuxjDwAAQBAJ&printsec=frontcover&img=1&zoom=6&edge=curl&imgtk=AFLRE71Ad_8F2wk-ifM7Ci9Nrj5JQkU0J8N0IPl-XiwVRNcNWX5QYuGES0zPOsdzYqQJrPv7_NPmi9VV9hkdl5UeryiPQGt6qMM7Weu964PUVB_UuPt3_5ZBa6JkPIKc-92MCu3Sar7K&source=gbs_api	The Hunting Party	Lucy Foley	2018-12-03	HarperCollins	{Fiction,Thriller/Suspense}	Good	Gripping book, great condition too!	18
76	9780330353977	https://books.google.com/books/content?id=72sJCMs2JDgC&printsec=frontcover&img=1&zoom=6&edge=curl&imgtk=AFLRE70hOk9oyeIkC_CNQMwqJgvl96tqBulcxGUQvU0492zqsNrbgQpCiX2pQmZJ31e0OpaQT0jduvaMbQpOoeAeuDV0O0tUVDNW52g-jR0cTQDnlz_DNc-j_YFRBVlfOUjVC6rhQH6w&source=gbs_api	Into Thin Air	Jon Krakauer	1998-01-01	Pan Macmillan	{"Biography & Autobiography",Non-Fiction}	Fair	Quite an old copy but still ok to read.	13
79	9781803361529	https://books.google.com/books/publisher/content?id=vtNgEAAAQBAJ&printsec=frontcover&img=1&zoom=6&edge=curl&imgtk=AFLRE711ttjMAovJxLypwSD7JJQhB3BzxKAZFDGOTuiirEjSQQRAc9fLkpOu5FIgvn3oXDGcYUQDPykAwX3M3ASSlRvlOIxe8y36puP1T0Vi3_VYbQM1MYmSyb-Jx4AimgiVMM2PCW8J&source=gbs_api	No Gods, No Monsters	Cadwell Turnbull	2022-10-17	Titan Books	{Fantasy,"Science Fiction"}	As New	Mint condition copy.	17
80	9780857520173	https://books.google.com/books/content?id=Oq9cN2uwb5kC&printsec=frontcover&img=1&zoom=3&edge=curl&imgtk=AFLRE71VPNoftVSrlSOAq4w1jNvhI-P7voctSrp_FoPuYci4jkybgD1H8AWWK_QrgsnVq-Maq6nnKFDK8DQ2vaHw4vHAhKgI7OYlG4I0BDwG-IQmgIyiIyV9hGKmWtdEhilCVwVPU3B-&source=gbs_api	Before I Go to Sleep	S. J. Watson	2011-01-01	Random House	{Fiction,Mystery,Thriller/Suspense}	Good	Good apart from a few folded pages. 	17
82	9781409181644	https://books.google.com/books/publisher/content?id=a6NnDwAAQBAJ&printsec=frontcover&img=1&zoom=6&edge=curl&imgtk=AFLRE73Ng2ZOpTRF-OCT6s7Gj-fUXXy1P-9R5mPFSUqi2mhwhIiyTso9ZA9szu3IQB5LxppMzWfuE8aAiahxxtzNg2Y7nNVQwk62coxbI2Lyp0Xl4WgRJ2Gdw47Z2SB6fUlmx9IvAvvX&source=gbs_api	The Silent Patient	Alex Michaelides	2019-02-05	Hachette UK	{Mystery,Thriller/Suspense,Fiction}	Fair	Slightly worn but still good.	17
77	9781398832015	https://books.google.com/books/publisher/content?id=yluwEAAAQBAJ&printsec=frontcover&img=1&zoom=6&edge=curl&imgtk=AFLRE72O-K8jewsAbL1scXqnBhv4AwLQXPQKGA4zpgkiEQ5i3hpdZstgWyZU5mdLX48tRg_kbGgOIRM20uqIhq36E3xEcTdAl2piBn8TqtGeqsaivJKTjlF4uXLUvQrRUF4Xygv7MN8T&source=gbs_api	Animal Farm	George Orwell	2023-11-15	Arcturus Publishing	{Fiction}	Fair	Some water damage to a few pages but OK to read.	17
83	9781848940994	https://books.google.com/books/content?id=zVq8BF_5vSUC&printsec=frontcover&img=1&zoom=6&edge=curl&imgtk=AFLRE72e5rlPjTGATrUNEZfcsU0bfLrnAtRzCTmnjPvByudvQ39VVqGLG6XSZ8Njby-htUjv-u28ulc_bofSL3l8k0rDf8DjgHFTHqhRS44cy3m2Jb10P_V7J6PkVkHFcy9DWN7bMSi7&source=gbs_api	The Shining	Stephen King	2007-05-31	Hachette UK	{Horror,Thriller/Suspense}	Good	Not usually my thing but a good copy.	15
84	9781529017243	https://books.google.com/books/publisher/content?id=T0A0EAAAQBAJ&printsec=frontcover&img=1&zoom=6&edge=curl&imgtk=AFLRE70k_thUNXdAndvtWMNAd1GqleWqOt7oOz14KkpgKilJUS9wEW6dlIXnUAdpDRBSUy8zV1lTjXNxoviCe-SYnJyxsc7pSjbpEYTqcMbhWA0vuhv2FDZDMUH92JtKwCLwqFCS_0-a&source=gbs_api	Our Wives Under The Sea	Julia Armfield	2022-03-03	Pan Macmillan	{Horror,Romance,Fiction}	Good	Was given this as a gift, very scary book!	17
86	9780544176560	https://books.google.com/books/publisher/content?id=ChlOAwAAQBAJ&printsec=frontcover&img=1&zoom=6&edge=curl&imgtk=AFLRE70U6HqZKX0CjgpVJV7RoaSk7qkDsJDiU7U97JMyyHY2Lbky724smQROcAO4bjUqQv36XjfXWQHfIsHMKMGp6b1Y-Kdz7bGb-mNEmebXLP1DwN7ef3fqbF8nllDNIcLStGiK4yey&source=gbs_api	The Name of the Rose	Umberto Eco	2014-01-01	Houghton Mifflin Harcourt	{"Historical Fiction",Mystery,Thriller/Suspense}	Good	Great read this one!	15
87	9781529197907	https://books.google.com/books/publisher/content?id=BkvAEAAAQBAJ&printsec=frontcover&img=1&zoom=6&edge=curl&imgtk=AFLRE73fd0XkDs47EQHVqUYX-cDlTqM54ynkLfuSeuwurYKoykuBT0c1vot1TWd7mDwgMOBFygBXQ5qMg0ik2YDYvKXurat4TpIFZFifd5n3lsjgA9MmSShY6D4PsvvMGpR_k2RJXu40&source=gbs_api	Someone in the Attic	Andrea Mara	2024-06-06	Random House	{Mystery,Thriller/Suspense,Fiction}	Good	Fairly good copy, read a few times.	17
88	9780007447831	https://books.google.com/books/content?id=zlwlTfBeiSoC&printsec=frontcover&img=1&zoom=6&edge=curl&imgtk=AFLRE72PlGUHAOIaz5AK_Jh4d3SxwKRpaGcd5BGNy4nkLjNK17ma_YuYlSjntkD4CJrk-q2DCK1Gj7IUrFD4gw07OFSfkB2sBj3pqyTDivP9dxMkNPFPMbOeDb_efGyMRiPAuFK3-Z8X&source=gbs_api	A Clash of Kings	George R. R. Martin	2011-01-01	HarperCollins UK	{Fantasy}	Good	Very good condition.	12
89	9780091956448	https://books.google.com/books/publisher/content?id=2rrEAgAAQBAJ&printsec=frontcover&img=1&zoom=3&edge=curl&imgtk=AFLRE72SPNtKV7FwxDVj1OQQrSJ7oiB62SDH33yr6IlsN2gpJ6cXliStyhJU8y-w18LBgP0cj0EimLUOuSmgRu09Omv4hLHRmzBC8OidqbyMTx1BR6UeEj-wHKBCZ4rWdSkKrN1RdRIL&source=gbs_api	The Martian	Andy Weir	2014-01-01	Random House	{"Science Fiction"}	As New	Very good condition, a small fold on a couple of pages. 	11
90	9780316452496	https://books.google.com/books/publisher/content?id=iH5gDwAAQBAJ&printsec=frontcover&img=1&zoom=6&edge=curl&imgtk=AFLRE71DbNQaAQEYJxZpzNtbcE1JpGPb_hq77zpvP_AbrTNDoyoU5xOsBV_oj3BjhnO9NvWoYLSUgFXoQX9_BS-0-YHrH-bwBFEjuOfa5HqUYypjn6GbZP6WmAv6gB6IKmi5xzJa-7bk&source=gbs_api	Children of Time	Adrian Tchaikovsky	2018-09-18	Hachette UK	{"Science Fiction"}	Good	Read a couple of times.	11
91	9780374104092	https://books.google.com/books/publisher/content?id=2cl7AgAAQBAJ&printsec=frontcover&img=1&zoom=1&imgtk=AFLRE7344_bO_mqjffY5rapfKU_HCgBxghylHzfBgT4Eth5FF2TonWPeDXEGQ1AW5i8GzdXSi_Wz4jOFCo4FbUzAnRc_GPZFGTdPWwjS61NDyT0RP8q_PfhzhLqiogfM_3EuJQevThbU&source=gbs_api	Annihilation	Jeff VanderMeer	2014-02-04	Farrar, Straus and Giroux	{Horror,"Science Fiction"}	Good	A couple of creases on the cover but perfectly fine.	11
92	9780062424037	https://books.google.com/books/publisher/content?id=Nu0QBwAAQBAJ&printsec=frontcover&img=1&zoom=6&edge=curl&imgtk=AFLRE73WVAIA0rY3aaAIrnk2d2DWsMWPNaWiTXJGYAeFhqrLKlguUFiiQMYfe604EAiseI8_K19N4GeZsQ966IawNv0Ppv2tUJ1C3kKqN9BJbapnEP69b_iHBdsVd5GMUNejB8ALHCUN&source=gbs_api	Bridgerton	Julia Quinn	2015-04-28	HarperCollins	{Fiction,Romance}	As New	Read once, as new.	19
93	9781398707689	https://books.google.com/books/publisher/content?id=f9_BEAAAQBAJ&printsec=frontcover&img=1&zoom=6&edge=curl&imgtk=AFLRE7026ic1f2Y_E4XJtw9HtVfCGJH5WXI5CFtEKFSCqGfzhr47xThC25PK1TAn0h5RB7LUb5T9Am2AfOqyOp3qzGYbt2_LME8I4wALB7wlCkA8xV2huQKpYhKAgcdnAnRn87xyxAz2&source=gbs_api	All the Colours of the Dark	Chris Whitaker	2024-06-25	Hachette UK	{Fiction,Romance,Mystery,Thriller/Suspense}	Good	Good condition.	19
94	9781529392524	https://books.google.com/books/publisher/content?id=YZ_nEAAAQBAJ&printsec=frontcover&img=1&zoom=6&edge=curl&imgtk=AFLRE71um_xv3E15ofqxWYLolusExkAXKeS2_J7kQYXWsHdNaCH8nja1PpfKSnQ209_6jejFV1YenwOeNpd3_lm2X15KQN7SwOIvpbN4Dwoopl9lNtlPty1v_NNxLrA9MZTqeddkHEm3&source=gbs_api	Way Back	Sara Cox	2024-03-26	Hachette UK	{Fiction,Romance}	Fair	Good condition. Some slight wear.	19
95	9780307763051	https://books.google.com/books/content?id=V5s14nks9I8C&printsec=frontcover&img=1&zoom=4&edge=curl&imgtk=AFLRE73hHuQMWF_rAMkQHCAuD6Abjwkqf9wYDO2sXQFKiJFY0b8AiEkAaWnoY_D9mDwjTW4glyfFIBDweqVl2JCcTf6VveD4NoYWl-FHZT8SX9kRIB936_Kr0AumnxltBIQxufzHHp1a&source=gbs_api	Jurassic Park	Michael Crichton	2012-05-14	Random House Publishing Group	{"Science Fiction"}	Good	Awesome book!	17
96	9780007151677	https://books.google.com/books/content?id=kY1wuNfgmFQC&printsec=frontcover&img=1&zoom=6&edge=curl&imgtk=AFLRE708HF3DTcktKmxZqHW2jqf5lYyMCZa2A41DXE4j9SqtXPnCvGVS8jLbB7ZHMjs46dari4EVasrKMl7dO1hAQg2Fi5E5c2-fTZWnBYP9YvkFfd11JBzM-BVzy-IxqpQiqecolSin&source=gbs_api	Endless Night	Agatha Christie	2002-01-01	HarperCollins UK	{Mystery,Thriller/Suspense}	Fair	A bit tatty but still enjoyable. 	17
97	9780241984413	https://books.google.com/books/publisher/content?id=KimIEAAAQBAJ&printsec=frontcover&img=1&zoom=6&edge=curl&imgtk=AFLRE70Hrw8caTn_zh2OvDUqx_Kx02Xya6T-V6Ga9pKxYapMCgE7IGDxj_sfgMJgAt8T0q3BUI8TLHSqI-g1eP5JNFlmrBEOyFfZ8nmc16Va95VWdvCG9GTAdFENPDnDMJ0HOxvgChtJ&source=gbs_api	The Bee Sting	Paul Murray	2023-06-08	Random House	{Fiction,Comedy}	Good	Enjoyed this one, still in good condition!	18
98	9780141991436	https://books.google.com/books/publisher/content?id=1pCbDwAAQBAJ&printsec=frontcover&img=1&zoom=6&edge=curl&imgtk=AFLRE73b6jh0A-aDPEv5rdqwzihxXq-kOJrKWKADr-FU8QcHjjuwyBdNq7esmt-QqNJiKXxCQwz6vN8qXdeKxoLDfTbo9GwkawigMvRZj7n6ek4PuSFeU5VPoHVzCDROl171fNuvO1IN&source=gbs_api	A Confederacy of Dunces	John Kennedy Toole	2019-06-13	Penguin UK	{Fiction,Comedy}	As New	Brilliant and funny. As new.	18
99	9780441013593	https://books.google.com/books/publisher/content?id=saONEAAAQBAJ&printsec=frontcover&img=1&zoom=1&imgtk=AFLRE72jcjkczVuqGZX5Pasr_dHEtG3P7J71FR6EohXYoUPkUbaNRnCanED_94hJj4XE5R6EYTii2EBomuAC7daO-WPongXiB_ZjPoZdfG1CJF2Gyjm9de74zLeXZ0u4OfnfNuU5ZphV&source=gbs_api	Dune	Frank Herbert	2005-08-02	Penguin Publishing Group	{"Science Fiction"}	As New	Only read once, excellent condition!	11
100	9781838956264	https://books.google.com/books/publisher/content?id=Syx_EAAAQBAJ&printsec=frontcover&img=1&zoom=6&edge=curl&imgtk=AFLRE70X5VbxgLCVSihwu1xGKuIFWawoX2FnsSA0pYYuo_Aw4m3Kebpw8HL8JNfgNojWe8U9BYKle0j_6o77-3y8_iXyKxAzkm9DmLb-RjIKmt_hJvQweW3fW2NaywtpLv6OFqbEGNyE&source=gbs_api	In Ascension	Martin MacInnes	2023-02-02	Atlantic Books	{Fiction,"Science Fiction"}	As New	Amazing book! Mint condition.	11
101	9781680680584	https://books.google.com/books/content?id=S0t2tAEACAAJ&printsec=frontcover&img=1&zoom=1&imgtk=AFLRE71hrUwlDmfF40JuBWSU1gMetp5wmFff3GxIKyLBozyAt08jwpnPzSOoeS9-2nVe_buVgiS5nlTUxzMFE34ygq1_RHZfKGsFaHfJdizcRlfL7llqsifJysIXqbopnFe2HO4GwwDe&source=gbs_api	We are Legion	Dennis E. Taylor	2017-01-01	Worldbuilders Press	{"Science Fiction"}	Good	Really funny book, still in good condition.	11
102	9780141924045	https://books.google.com/books/content?id=inYs79gV4UQC&printsec=frontcover&img=1&zoom=6&edge=curl&imgtk=AFLRE72vNzk_aKoQqNktw4HjJFQuPpZQw0iXIs7zvQU4C-3h5_aZLU_I6jF8op__YQ7vV1IDwbx0gHTQkbKezKZ0z7axPsF9_XSbH904M7DkBWJSOts5c8z-c3xAWp6Afv1rgwoacCKU&source=gbs_api	Snow Crash	Neal Stephenson	1994-10-27	Penguin UK	{Thriller/Suspense,"Science Fiction"}	As New	Great!	13
103	9781447287711	https://books.google.com/books/publisher/content?id=BlzABgAAQBAJ&printsec=frontcover&img=1&zoom=6&edge=curl&imgtk=AFLRE71WkBC8oZByG0m_-OV-f-_CR-aliFFoGEna--AnT9y1U6hTED49TeHqBtZSlfQQGkZn8n_tpewUVuuh5T-uo3wDkacE0dStg1M8LrHGke4DXhPQoGFz6F2gyhD3pBC2wx_mgTSx&source=gbs_api	The Princess Diaries	Meg Cabot	2015-06-25	Pan Macmillan	{"Young Adult",Romance,Comedy,Fiction}	Good	Undamaged copy. Read a few times. 	18
104	9781473661240	https://books.google.com/books/publisher/content?id=hEI2DwAAQBAJ&printsec=frontcover&img=1&zoom=6&edge=curl&imgtk=AFLRE70ZmTNlvt-m_BhgVaumYnQgtgk9MTZvORqbcNMBAiwt5eQrGHON70hUlB5kmt3tZl0_nzqagav9t1IQusDHpp0Gagz0hRoEFgv2rxIalOFTmnFpIyFugeTs31sEA99CjTJB4B2T&source=gbs_api	Natives	Akala	2018-05-17	Hachette UK	{Non-Fiction}	Good	Incredible book, this is in really good condition.	10
72	9781526742667	https://books.google.com/books/publisher/content?id=Ot0mEAAAQBAJ&printsec=frontcover&img=1&zoom=6&edge=curl&imgtk=AFLRE70TMGMlACuF2aBtBUwcZU47AbNoVw55CEHvkJe_vdv1VCbdF8c-gAhcLiBZTpswYYB8bk4VoofJfCh_k8KydNCDzpvaKOcNb5BB2HZ3jGjRzk9hArX4npnuL24ueewtOO-wdbMA&source=gbs_api	Stalingrad	Alexey Isaev	2020-02-19	Pen and Sword	{History,Non-Fiction}	As New	Read once so mint condition.	13
6	9781524763176	https://books.google.com/books/publisher/content?id=qK0NEQAAQBAJ&printsec=frontcover&img=1&zoom=6&edge=curl&imgtk=AFLRE73n_nvyEf2SCve4FR3EV3jeNFCYdbMfrq5EjxbVzOJW2_Xn_2165RB4vgY6Rhr4OzA3oEBEp9NcZa5ksLDvtX2UEgWD-fq1YdyEqU3l-zyHnbusn1GJGg5ABOc7Aer7XRdupd6x&source=gbs_api	A Promised Land	Barack Obama	2024-08-13	Random House	{History,Non-Fiction}	As New	Cracking book, as new!	19
105	9781473548930	https://books.google.com/books/publisher/content?id=w-XODwAAQBAJ&printsec=frontcover&img=1&zoom=6&edge=curl&imgtk=AFLRE73azSRuMslnARAWU7gOW75ISYzlOtRApieDFRWNFKHFqEm6kejg-ikq32ET9Izrr9XfWC6RrcjzW6IaNlDVpf1m8l0IjBaLVSjOzve_TrzdLhF6Oixm7d41GnZMGIVZ7JYgOIgp&source=gbs_api	The Perfect Nine	Ngugi wa Thiong'o	2020-10-08	Random House	{Fiction}	As New	Still as new!	19
106	9781398524316	https://books.google.com/books/publisher/content?id=i8uUEAAAQBAJ&printsec=frontcover&img=1&zoom=6&edge=curl&imgtk=AFLRE724my-NKilX8vz72n-a7pQKFpCrWgRMYtJ_gVDScksxBnkCaSvpu2XNpyOxpXaT94vy5qv3yXzfOndCq2qmUjlu4C0Vee1uiFw9X9nBQxTZ9mE-gL_kaLyBs4_u-Rv4VE5oSI98&source=gbs_api	The Satsuma Complex	Bob Mortimer	2023-01-04	Simon and Schuster	{Comedy}	As New	Very funny book, mint condition.	15
107	9780008132538	https://books.google.com/books/publisher/content?id=e4rYBQAAQBAJ&printsec=frontcover&img=1&zoom=6&edge=curl&imgtk=AFLRE73NhKAms5uTfbBaXanjNxVAGdCnv6KVfZqbgmbwfi6g7JZ6a48rSjV8xLniEqFMaRMwgk_vuNL0QeZo_n8By8U2pCMq9PZ-uoISd0vbI_dneTWZU8fEwBY5G7b43hxmMLmSdAcM&source=gbs_api	Seveneves	Neal Stephenson	2015-05-21	HarperCollins UK	{"Science Fiction"}	As New	Immense story, read a few times but very well cared for!	15
109	9780748110056	https://books.google.com/books/content?id=QoP4zTHvMiEC&printsec=frontcover&img=1&zoom=6&edge=curl&imgtk=AFLRE72nq_la1_OTF5hYS-XSyB7wmLqRBP1IYbqKbUF8JjZ6l03zprcxbGSga68V0FqqcGhMh_K3_G7zVrKsCTdPQ3V2CDqcVdle9tkbqGkd79QW97dHDsuSMFfPADuiRHe5JavmX8h_&source=gbs_api	The Algebraist	Iain M. Banks	2008-09-04	Hachette UK	{"Science Fiction"}	Good	As good as any Culture novel, really good condition!	15
110	9781405513463	https://books.google.com/books/content?id=IAVT6awraTAC&printsec=frontcover&img=1&zoom=6&edge=curl&imgtk=AFLRE72Ep3LUAH-Sikz_0Fe4_32A2VDlstXCL6sgwWDzx1oWSvvT7y88b_KmIR0tgQd2uOCihW7MHQxVx6ZUHQLyWlIpDCYjQonj8gOdqQvPDC-tUxV9r4F24tNFJeX4lvEdOwUVS-B5&source=gbs_api	Rebecca	Daphne Du Maurier	2012-02-09	Hachette UK	{Romance}	Good	A classic book in very good condition.	15
111	9780099560432	https://books.google.com/books/content?id=4zugGMReN3cC&printsec=frontcover&img=1&zoom=3&edge=curl&imgtk=AFLRE73duEFP6_w0kF3gwkMlLMvXUsTSrxJXic8gp2g-AeKBCe91cUSids5cRcmlqm4ZvRQHbznnp4YsuaGAgcNDGYtgATICxUnaI_7s8Lbwy-S_j1WL16tawm-UqP5C49dv2s3Obtkz&source=gbs_api	Ready Player One	Ernest Cline	2012-01-01	Random House	{"Science Fiction"}	As New	Cracking book and a really good copy. As new!	15
112	9781509865864	https://books.google.com/books/publisher/content?id=ENR6DwAAQBAJ&printsec=frontcover&img=1&zoom=6&edge=curl&imgtk=AFLRE70L-yAn0mdef__VWFkAwvRUXVhHP1zLVi7hIY2l_7z1fTEle0J-0zszKCF6Av-Ya8d4FnktsxjsXRB_YG7QykflSF_j9DsWDmOxLN_plezKdNCVtgzeyeZTSukaWibXH53QkboQ&source=gbs_api	Children of Ruin	Adrian Tchaikovsky	2019-05-16	Pan Macmillan	{"Science Fiction"}	Good	Very good condition.	15
114	9781416583783	https://books.google.com/books/content?id=cO00U2Llra8C&printsec=frontcover&img=1&zoom=6&edge=curl&imgtk=AFLRE72Vf8t5bOqBILrsfQSNPSM2AakOW54LX7Wax-_uvs7zhI3KB6KiUlaMQBzIBoRxgWWJjjrTJWvw4Gw5pqfc_wouBz_jkNXNpQb-y0oQZeXp0PFDGrJPP5jw8ULJq5XVzopMQDt1&source=gbs_api	Inversions	Iain Banks	2007-10-19	Simon and Schuster	{"Science Fiction"}	Good	Great book, great condition!	15
116	9780552996181	https://books.google.com/books/content?id=EKSzAW84v90C&printsec=frontcover&img=1&zoom=3&edge=curl&imgtk=AFLRE73R-fI0R3cRFCmmZmBFenVZQa_j6C1al-9q6iETsWFxT_WFwT_pMVh61Q-Coaf1xPywgXoPxUO3xMjE3NaGL3a_DShpbBflTq5xY99gEuEAEjgKl9Qx6xLpnMPLeaoP9mX5O1Ac&source=gbs_api	Behind the Scenes at the Museum	Kate Atkinson	1996-01-01	Random House	{"Historical Fiction"}	Fair	Slightly worn now but still very good. 	20
117	9781474623001	https://books.google.com/books/publisher/content?id=718IEAAAQBAJ&printsec=frontcover&img=1&zoom=6&edge=curl&imgtk=AFLRE7215XNUx_J8dAEZqetsmvsr9xjhmqwa9TcGB5xDVNmaaLrjA3snYx0pd3DiEpRIV1lqtrFzoNECJx7m8sKqzKOe1q_tD37kDPICJOKjrovfb2RAb1YJJlWk4m3FJPQy0-LT411p&source=gbs_api	Sorrow and Bliss	Meg Mason	2020-12-10	Hachette UK	{Comedy,Fiction}	As New	Only read once or twice.	20
115	9780099322610	https://books.google.com/books/content?id=6wfdbhVzMI8C&printsec=frontcover&img=1&zoom=3&edge=curl&imgtk=AFLRE71WXEi9G4nvgX_XOn-nu2FWrL_zanWRwVWeRkUkvp_JGH99AjN9YafMl41YHoegNSO9EViLjWkYXyqnsI5mEMgm2N9cTdhgkJYPX9TW0jquGmUz6PEGF0C5w3CDzTFZhGJ3PGLB&source=gbs_api	Zen and the Art of Motorcycle Maintenance	Robert M. Pirsig	1999-01-01	Random House	{Fiction,"Biography & Autobiography"}	Good	The cover is a little tatty but it's still in great condition.	20
113	9781509813889	https://books.google.com/books/publisher/content?id=HHrFDAAAQBAJ&printsec=frontcover&img=1&zoom=6&edge=curl&imgtk=AFLRE70ZdTOzddGONTZwlrJ9cXQH4Q7yj3k2Ub44LVr6RJnWucBaZJ_QBGS6rijTKx71L7TbypT8gdSKi0mlWh4IrHGKOJCC8jQ1oMNUHbm_3LihzGCSQCvDa5b3uttrdLVP1uOJxnIO&source=gbs_api	Bridget Jones's Diary	Helen Fielding	2016-01-01	Pan Macmillan	{Romance,Comedy}	Unknown	This is a note.	15
118	9780857893529	https://books.google.com/books/content?id=xL_W4jiFolMC&printsec=frontcover&img=1&zoom=6&edge=curl&imgtk=AFLRE73dMjB3EtCzmAHfxadAkESdI09Mx7d8eyhziO-U9qiyh1JtiSEJU46ZYSXB5xX3SD9nlQg16MYRojk62ZMmLslosT_YZT3nrqh-lYE5UIybaM6p36H6uXjytBpqmKOZGsWKZ8ch&source=gbs_api	Running With Scissors	Augusten Burroughs	2004-02-01	Atlantic Books Ltd	{"Biography & Autobiography"}	Good	Old but still in very good condition.	20
119	9781409094586	https://books.google.com/books/content?id=oIwhoIHgEbUC&printsec=frontcover&img=1&zoom=3&edge=curl&imgtk=AFLRE70ECVmKycDpHGQ83eQKlakszrP67pmpTf5UT992uCGWIohR1t5cpbZO_NypLjUlAysoQJcnroHmORkycCPt-nPhZgUkBgL_ev7rdMCToPGeMGdxGAj4zRiwYxLvqbEl6kToCy4A&source=gbs_api	Human Croquet	Kate Atkinson	2010-07-06	Random House	{Fiction}	Fair	A little wear and tear but a good copy.	20
120	9780007310920	https://books.google.com/books/content?id=r7zctlDjx3gC&printsec=frontcover&img=1&zoom=6&edge=curl&imgtk=AFLRE734EnGIPP_h-hYEo3y-pqRsd13sY3dQHFF9MIq3WTX6jyzbomjhVHdka29FwznZFf_lhwqsvMYbR2BAhycMK7vOlKoCtx6458nvSoEx1FvLhk7VfaHWAfBO-EHA078ohgITjPuX&source=gbs_api	Taking Le Tiss	Matt Le Tissier	2010-01-01	HarperCollins UK	{"Biography & Autobiography"}	Good	Read once or twice but a little old now. 	20
121	9780241985007	https://books.google.com/books/publisher/content?id=56tqDwAAQBAJ&printsec=frontcover&img=1&zoom=6&edge=curl&imgtk=AFLRE72TzwUFyTYm7mBbb0-EcQFq0P8gmJtMq-GFJeKRxou6sc6kmRHSZLIpx7nZG_NdytgYINKFwBRHunLXA_O-b0O3ZyWTvpM5iv6FqIbPUVKLuNBZeoz0dqeN999mfpMi6nTWrZoV&source=gbs_api	Girl, Woman, Other	Bernardine Evaristo	2019-05-02	Penguin UK	{Fiction}	As New	Pristine condition.	20
122	9780141009957	https://books.google.com/books/content?id=eWKS3BDJUowC&printsec=frontcover&img=1&zoom=6&edge=curl&imgtk=AFLRE73yXgEmEg5q9cJRcUsbiZ6gfrUpqcIP7uDZ2uwTVp1CPa57ekXxu7MF1mVjb6u-EVtAcHyS-XwfkI3em6NHnU_Wn7OXUSFHRMh1dS2zWwc7cTI7j_e_Hwq1lnw34Y7dXcVJQkMX&source=gbs_api	Skippy Dies	Paul Murray	2011-01-01	Penguin UK	{Comedy}	Fair	Quite worn, the pages are a bit yellow but still OK.	20
123	9780571333141	https://books.google.com/books/publisher/content?id=WbtvDgAAQBAJ&printsec=frontcover&img=1&zoom=6&edge=curl&imgtk=AFLRE73-stv9X1YK_IJZJ83VzFL86po3_zyTXXeLLNbw2jsVTDBpaON0x5DQw654N2fFE43KaWbP8S1xiJoaGR6HdxlZk9AIKeyDpnvNPfsbgfR7cxOQI-AFxoTpheVLY9gNO6_umld0&source=gbs_api	Conversations with Friends	Sally Rooney	2017-05-25	Faber & Faber	{Fiction}	As New	Very good!	20
124	9780349701448	https://books.google.com/books/publisher/content?id=GTnDDwAAQBAJ&printsec=frontcover&img=1&zoom=6&edge=curl&imgtk=AFLRE70RK0NJciTq7BnT4KRZGZsgbA0Xkdt8dNvAULdGZf68J3nLFrrq_ZvUdMfsJh4tuEAr5GGkozts0-MICpWQNgr-tKr8CLg7kXwtMIwnjb6qnPaP7OXbMfmm5lPDG0WwTrKvEqeg&source=gbs_api	The Vanishing Half	Brit Bennett	2020-06-02	Hachette UK	{Fiction}	Good	Enjoyable and in good condition!	20
126	9781800181663	https://books.google.com/books/publisher/content?id=I-uLEAAAQBAJ&printsec=frontcover&img=1&zoom=6&edge=curl&imgtk=AFLRE70Oy26g41oibkSUjz6sVXexs4zK8DkbYCduY0vCezhZsa8PE62DonFwmAFKn2RMF6osZw14p4MJI0mwG6DEUMH1DDIrXNiMzqRzkkOHcdnvlRMxfj1UGLFVHiuX7EWZmNo-8lF3&source=gbs_api	Black Vinyl White Powder	Simon Napier-Bell	2022-10-13	Unbound Publishing	{Non-Fiction}	Good	A bit tatty around the cover but still very good condition!	9
127	9781474996358	https://books.google.com/books/publisher/content?id=GgsBEAAAQBAJ&printsec=frontcover&img=1&zoom=6&edge=curl&imgtk=AFLRE72uP7ODB1jNCcieSXEiWXSYrDp4UOv0i_EnNjHL6Y02NZ1cPtPup1CkUDcqOAymGc-6yoetdHO66MkypY__hr8JfrEf3EEfTYSsrIPNXM4odd0mV_FFVm4BnQI8rGKBWioQq62c&source=gbs_api	Ace of Spades	Faridah Àbíké-Íyímídé	2021-06-10	Usborne Publishing Ltd	{Mystery}	Good	Read a couple of times and still in great condition. Almost as new!	21
128	9780241573648	https://books.google.com/books/publisher/content?id=mnNHEAAAQBAJ&printsec=frontcover&img=1&zoom=6&edge=curl&imgtk=AFLRE71CBiFbnJLevBO9EWkBngZjKogDRbAC4B2mtlE0Z4GYRzkhkvh2qPD2vmR8pg-73O_S1vf0A3JHIlR_C4wAcOcS3RI6IlZ9XmB5CLm6Mk6hm3Pt5SZfPwaoF06UB5XEwBtXdneA&source=gbs_api	The Final Gambit	Jennifer Lynn Barnes	2022-09-01	Penguin UK	{Mystery}	As New	Originally a gift. Read once and want to donate or exchange.	21
129	9780593485873	https://books.google.com/books/publisher/content?id=kO9FEAAAQBAJ&printsec=frontcover&img=1&zoom=4&edge=curl&imgtk=AFLRE70bqgWNB6exAz1D7-MMH3saK-VRe4J_20gxfKELpuJk8Mo_RHOX0mbHXOYi4F5DaM7GgLPRsUoLARXITmQjd1BqcHPHGhuZNQjhzuSA51_pydGYQrCuuybnVem_H0SdFKBcGO0b&source=gbs_api	Family of Liars	E. Lockhart	2022-05-03	Random House Children's Books	{Mystery}	Fair	A friend gave me this and it's a little worn here and there but still very good.	21
130	9781782693482	https://books.google.com/books/publisher/content?id=yHZmEAAAQBAJ&printsec=frontcover&img=1&zoom=6&edge=curl&imgtk=AFLRE7138sMGalNS8HeC4IWOEG47Gb-b2O3EhDAQIFXnSnsny0uRRgNbyW7EiCX6q6U4bP0qNKCzVPN4G1UsvNP4bmL9M71AtVq9Xjizd2huLWVRtUchkxlYqBLJ3fwQZXHVXTsUaabd&source=gbs_api	Hotel Magnifique	Emily J. Taylor	2022-04-05	Pushkin Press	{Fantasy}	Good	Loved this, really great condition too!	21
131	9780141350875	https://books.google.com/books/publisher/content?id=NYjnAQAAQBAJ&printsec=frontcover&img=1&zoom=6&edge=curl&imgtk=AFLRE73Ox-a8LoLyFiUbb5D-OGo3858sWYckEleWxSCI05Y_JalbAwRGu0WR7jNu9u5bMq2fZAqeCIowzU0AmmdhV9nRNJwbvnXZGxXkHIUc2LEj5Xl9-vn_uDgfDhGE-Lgq-Asgsghc&source=gbs_api	Half Bad	Sally Green	2014-03-03	Penguin UK	{Fantasy}	Good	Read a couple of times so still in very good condition!	21
132	9780747577201	https://books.google.com/books/content?id=Ai3klvhiQDIC&printsec=frontcover&img=1&zoom=6&edge=curl&imgtk=AFLRE70e92uT75DusWd-axD7YJis7r-gLpkFti9raQUe666_TQ2WInGZPitljBE1MEFEj0IZIrT5YnsevtfNlVrH6b339VygwBFwY-SN6Wi1j5Ct8xrnz66jVjzBv1l9WdXUrh_zPP0V&source=gbs_api	Elsewhere	Gabrielle Zevin	2006-01-01	A&C Black	{"Young Adult"}	Good	Well cared for, still in good condition.	21
133	9780748129386	https://books.google.com/books/content?id=edyJZOGdNBoC&printsec=frontcover&img=1&zoom=6&edge=curl&imgtk=AFLRE70d8KqaQ2LZkUcPUuvebRwuG55KuzoMQWdpyD_DDF3comDoY24oqkB1S99l7J-QrwJ4cpKV4osuFv5J7VpXg_7trbxatl4mVWhs-tZ7n6ooYJ8vY-_ttTEWYZVRc2qHlDy_-_4V&source=gbs_api	Ship Breaker	Paolo Bacigalupi	2011-07-07	Hachette UK	{"Young Adult"}	As New	Great condition!	21
134	9781471175572	https://books.google.com/books/publisher/content?id=yURIDwAAQBAJ&printsec=frontcover&img=1&zoom=6&edge=curl&imgtk=AFLRE71-gosJ93ckqFcdpwFG9pGxoeySHq4dYo-FLTlH2Wh_mW0m2Yf04TbH0Ha2MANQpf-_5k3PhfQFxci4g3ybkI7kMD7-8UKyvUVv7F5E0keENk7nWNzrkmP6_4nBO8zmrsjowUM4&source=gbs_api	Dear Martin	Nic Stone	2018-05-03	Simon and Schuster	{"Young Adult"}	Poor	Bought from a market years ago, a little tatty in places but still readable.	21
135	9780358131434	https://books.google.com/books/publisher/content?id=QR6pDwAAQBAJ&printsec=frontcover&img=1&zoom=6&edge=curl&imgtk=AFLRE72YABxv_oESWXjsoFG6zpcukrjPIN8_sxY2RzA3AJaVx9G0QAwmsEGosITpRCnHjxcp0cvOufX061OHS0F_zBP7zqgpPUNRa_-8OJIQxYOXY8sygz7PTMs5Rvi2kKh8mFRiU2hS&source=gbs_api	We Are Not Free	Traci Chee	2020-01-01	Houghton Mifflin Harcourt	{"Young Adult"}	Good	Very good condition, no damage or wear at all!	21
136	9781444948592	https://books.google.com/books/publisher/content?id=50trDwAAQBAJ&printsec=frontcover&img=1&zoom=6&edge=curl&imgtk=AFLRE70ZimrL5INBF8ERZKSCxPu5wHp1CtYrvEzF_v1cMX8Uwowd78JXFuwSWxQJai3kTs3cjI2b8g198kBFic3LnXEfr1GyUjh98G0V3rGBnTJeS_7MmiOyWapA_OG8pzGl4MoTwB9X&source=gbs_api	The Black Flamingo	Dean Atta	2019-08-08	Hachette UK	{"Young Adult"}	Good	A very good copy!	21
137	9781609455927	https://books.google.com/books/publisher/content?id=zXqyEAAAQBAJ&printsec=frontcover&img=1&zoom=6&edge=curl&imgtk=AFLRE70vZoxfewu9TR6jwrZAr76tU86-ogmqtmuPuRGk4G5_0W_8K9YluneUiK8OkPUbTsKopTyOOeZUvq6nqlDsgiFVhzolRc6H8ZbpdCA8dYOni63oYA02QRA82w0fYBIF5ZbBg_Ur&source=gbs_api	The Lying Life of Adults	Elena Ferrante	2020-09-01	Europa Editions	{Fiction}	Good	This is a good copy!	20
138	9781780747316	https://books.google.com/books/publisher/content?id=8obVDwAAQBAJ&printsec=frontcover&img=1&zoom=6&edge=curl&imgtk=AFLRE72mtQehg0POaLZKUM_LY4hR5TtGhplRcJ0PxVnjIADNNbF9CpfrWTIqmblwcJLtF8j2E4noR1KxZ7pahszJFSDRHh3DWNgHkK1E9Fdj7lBMAoajWkOdghOUwnYhNj6GQZIoq7Fa&source=gbs_api	Watership Down	Richard Adams	2014-09-16	Simon and Schuster	{"Young Adult"}	Good	Classic!	18
\.


--
-- Data for Name: messages; Type: TABLE DATA; Schema: public; Owner: postgres
--

COPY public.messages (id, sender_id, recipient_id, book_id, message, is_read, "createdAt", "updatedAt", "parentMessageId") FROM stdin;
8	21	9	127	Hi Simon,\n\nThanks for getting in touch! The book is still available so let me know when is a good time for you and I will give you my address. \n\nThanks!\n\nPaige	t	2024-08-12 11:38:10.678+01	2024-08-12 12:11:42.197+01	\N
9	9	13	102	Hi Sharon,\n\nI'd like this book please.\n\nThanks\n\nMr S Ossage	t	2024-08-12 12:40:31.07+01	2024-08-12 12:40:50.92+01	\N
11	10	9	126	Regarding: Black Vinyl White Powder by Simon Napier-Bell\n\nHi Simon,\n\nI'd like this one please!\n\nThanks,\n\nSusan	t	2024-08-12 13:29:08.117+01	2024-08-12 13:29:16.595+01	\N
12	10	19	6	Regarding: A Promised Land by Barack Obama\n\nHi Beryl,\n\nI'll take this one please!\n\nCheers,\n\nSusan	f	2024-08-12 13:31:11.985+01	2024-08-12 13:31:11.985+01	\N
15	10	13	76	Regarding: Into Thin Air by Jon Krakauer\n\nHey Sharon,\n\nI'd love to take this one please!\n\nThanks,\n\nSusan	f	2024-08-12 13:50:13.348+01	2024-08-12 13:50:13.348+01	\N
2	10	9	34	Hi Mr Ossage,\n\nCan I grab this book off you?\n\nThanks,\n\nSusan	t	2024-08-09 10:50:59.326+01	2024-08-12 16:28:09.784+01	\N
1	10	9	33	Hi Simon,\n\nI'd like this book, when would be a good time to collect?\n\nThanks!\n\nSusan	t	2024-08-09 10:50:13.819+01	2024-08-12 16:28:11.345+01	\N
3	10	9	35	Hi Simon,\n\nI am interested in this book, could we arrange a collection or delivery?\n\nCheers!\n\nSusan	t	2024-08-09 10:51:34.897+01	2024-08-11 11:40:28.444+01	\N
5	19	18	98	Hey Katie,\nDo you still have this book? I'd love to take it if so. \nCould we organise a time for me to collect it?\nBest wishes,\nBeryl	f	2024-08-11 11:49:58.566+01	2024-08-11 11:49:58.566+01	\N
13	10	9	35	Regarding: Marcus Aurelius by Frank McLynn\n\nHi Simon,\n\nCan I have this one please?\n\nSusan	t	2024-08-12 13:45:15.008+01	2024-08-12 16:40:18.158+01	\N
4	9	21	127	Hello Paige!\n\nI'm really keen to pick up a copy of this book, do you still have it?\n\nIf so, I would very much like to arrange an exchange or delivery.\n\nBest wishes,\n\nSimon	t	2024-08-11 10:56:02.463+01	2024-08-12 11:37:15.695+01	\N
\.


--
-- Data for Name: users; Type: TABLE DATA; Schema: public; Owner: benhensor
--

COPY public.users (id, username, email, password, phone, address_line1, address_line2, city, postcode, latitude, longitude, preferences, liked_books) FROM stdin;
18	Katie	katie235@geemail.com	$2a$10$e8XhEywC82ykUjSz1TL0N.z6W8XR8BTB2O6T/EloI36dU4iH9hg/y	07964596342	87 Ilchester Crescent		Bristol	BS13 7HW	51.430013	-2.611817	{"Young Adult",Thriller/Suspense,Comedy}	\N
19	Beryl	berylperil@geemail.com	$2a$10$DT8Znbuk.1guGrr.6LnAFOQwZlasYbvPSJItNMiZ08hRnaR3C3gM2	07425846712	154 Peverell Park Road		Plymouth	PL3 4NF	50.391376	-4.143026	{Non-Fiction,Romance,Comedy,"Historical Fiction"}	{122,98,110,52,32,69,135,39,22,41,18,130,55}
12	EmmyWinks	emmy562@geemail.com	$2a$10$KJBISQmthrUn8.2auRSB2OzgtdM538xeSSHCdfXapAS3F0wW3Fe/i	07813426512	107 St Mark's Road		London	W10 6NP	51.509648	-0.099076	{Romance,Comedy,Fiction}	{31,26,123,122,93}
11	Brian	brian84@geemail.com	$2a$10$5xZKTeyuEJh.QgiffmXILe/62U.bTBKIfGeNL1z6FMJD0yGmKlohm	07627538427	46 Tower Road		London	NW10 2HL	51.588152	-0.018562	{"Science Fiction",Horror,Thriller/Suspense}	{23,26,19,29,37,31,71,21,27,30}
13	Sharon	shazza85@geemail.com	$2a$10$WRQZwUTAJ6F97QPtKwqojeBVUhiL7nj4cI0wdmxNtTQZbUwRkGpmm	07962632477	22 Osler Road	Headington	Oxford	OX3 9BJ	51.760079	-1.210938	{"Historical Fiction",Non-Fiction,Romance}	{44,15}
21	PaigeTurner	paige123@geemail.com	$2a$10$sskR0qiVrT6oyadsfnRhgeR2yrBo/C87OQ7pXwCaWP07793Ab9psS	07714528956	65 City Road		Norwich	NR1 3AS	52.618045	1.300026	{Mystery,Fantasy,"Young Adult"}	{93,54,28}
10	Susan	slightlysusan@geemail.com	$2a$10$E0.GgBYJr8iVx7FSN5G0Z.3FCvJDF8PR0sJ7Py3kHqgG7b/rq40hS	07128456727	29 Grove Road	Headingley	Leeds	LS6 2AQ	53.821454	-1.576356	{"Biography & Autobiography",History,Non-Fiction}	{72,33,6,68,35,76,34}
15	Graham	gman@geemail.com	$2a$10$pGB.RJnRw5T0QSGiER422eu6/9t.3OiKQO2XB/jb2NcJBgf7dE3Qm	07524869563	10 Compton Road		Cheltenham	GL51 9BX	51.910167	-2.090382	{"Science Fiction",Comedy,Thriller/Suspense}	\N
17	Terry	scaryterry@geemail.com	$2a$10$rNNIxrsdZElTz6VInjlP2epZA.SPfeBGFIx1Q5rccY/s8nRXbafdK	07253428754	92 Bishopston Road		Cardiff	CF5 5DZ	51.474583	-3.239828	{Horror,Thriller/Suspense,Fiction}	{11,55,67,10,41,105,1,3,39,102}
20	slightlyOdd	oddbeans@geemail.com	$2a$10$lB/uCLxRVIHfBfgnuYQQa.axbwTf71WWBxWrv1SR25yA2tX22ypoG	0123456789	19 Mill Street		Hereford	HR1 2NX	52.05264	-2.710355	{"Historical Fiction"}	{93,75,70,58,20,39}
14	Charlie	chozzy91@geemail.com	$2a$10$2JupFEzBW05YeWX3IS/5m.8K2EsYiKUHeS5sjzS7e.4Z0YXx3Y5Me	07452689754	5 College Street	Kemptown	Brighton	BN2 1JG	50.82024	-0.12327	{Mystery,Thriller/Suspense,Horror}	{29,102,96,80,27,127,129}
9	Simon Ossage	sossage@geemail.com	$2a$10$KQUrsHZ762Oa/rrc3F7sbOtKyJ7W8rMNTI.zxD3FkERjAH7xbOiKW	07213549975	21 Talbot Place		Sheffield	S2 2SS	53.37805	-1.455865	{Mystery,Thriller/Suspense,Non-Fiction}	{102,83,22,11,19,42}
\.


--
-- Name: messages_id_seq; Type: SEQUENCE SET; Schema: public; Owner: postgres
--

SELECT pg_catalog.setval('public.messages_id_seq', 15, true);


--
-- Name: new_books_id_seq; Type: SEQUENCE SET; Schema: public; Owner: benhensor
--

SELECT pg_catalog.setval('public.new_books_id_seq', 138, true);


--
-- Name: users_id_seq; Type: SEQUENCE SET; Schema: public; Owner: benhensor
--

SELECT pg_catalog.setval('public.users_id_seq', 21, true);


--
-- Name: messages messages_pkey; Type: CONSTRAINT; Schema: public; Owner: postgres
--

ALTER TABLE ONLY public.messages
    ADD CONSTRAINT messages_pkey PRIMARY KEY (id);


--
-- Name: books new_books_pkey1; Type: CONSTRAINT; Schema: public; Owner: benhensor
--

ALTER TABLE ONLY public.books
    ADD CONSTRAINT new_books_pkey1 PRIMARY KEY (id);


--
-- Name: users users_email_key; Type: CONSTRAINT; Schema: public; Owner: benhensor
--

ALTER TABLE ONLY public.users
    ADD CONSTRAINT users_email_key UNIQUE (email);


--
-- Name: users users_email_key1; Type: CONSTRAINT; Schema: public; Owner: benhensor
--

ALTER TABLE ONLY public.users
    ADD CONSTRAINT users_email_key1 UNIQUE (email);


--
-- Name: users users_email_key10; Type: CONSTRAINT; Schema: public; Owner: benhensor
--

ALTER TABLE ONLY public.users
    ADD CONSTRAINT users_email_key10 UNIQUE (email);


--
-- Name: users users_email_key100; Type: CONSTRAINT; Schema: public; Owner: benhensor
--

ALTER TABLE ONLY public.users
    ADD CONSTRAINT users_email_key100 UNIQUE (email);


--
-- Name: users users_email_key101; Type: CONSTRAINT; Schema: public; Owner: benhensor
--

ALTER TABLE ONLY public.users
    ADD CONSTRAINT users_email_key101 UNIQUE (email);


--
-- Name: users users_email_key102; Type: CONSTRAINT; Schema: public; Owner: benhensor
--

ALTER TABLE ONLY public.users
    ADD CONSTRAINT users_email_key102 UNIQUE (email);


--
-- Name: users users_email_key103; Type: CONSTRAINT; Schema: public; Owner: benhensor
--

ALTER TABLE ONLY public.users
    ADD CONSTRAINT users_email_key103 UNIQUE (email);


--
-- Name: users users_email_key104; Type: CONSTRAINT; Schema: public; Owner: benhensor
--

ALTER TABLE ONLY public.users
    ADD CONSTRAINT users_email_key104 UNIQUE (email);


--
-- Name: users users_email_key105; Type: CONSTRAINT; Schema: public; Owner: benhensor
--

ALTER TABLE ONLY public.users
    ADD CONSTRAINT users_email_key105 UNIQUE (email);


--
-- Name: users users_email_key106; Type: CONSTRAINT; Schema: public; Owner: benhensor
--

ALTER TABLE ONLY public.users
    ADD CONSTRAINT users_email_key106 UNIQUE (email);


--
-- Name: users users_email_key107; Type: CONSTRAINT; Schema: public; Owner: benhensor
--

ALTER TABLE ONLY public.users
    ADD CONSTRAINT users_email_key107 UNIQUE (email);


--
-- Name: users users_email_key108; Type: CONSTRAINT; Schema: public; Owner: benhensor
--

ALTER TABLE ONLY public.users
    ADD CONSTRAINT users_email_key108 UNIQUE (email);


--
-- Name: users users_email_key109; Type: CONSTRAINT; Schema: public; Owner: benhensor
--

ALTER TABLE ONLY public.users
    ADD CONSTRAINT users_email_key109 UNIQUE (email);


--
-- Name: users users_email_key11; Type: CONSTRAINT; Schema: public; Owner: benhensor
--

ALTER TABLE ONLY public.users
    ADD CONSTRAINT users_email_key11 UNIQUE (email);


--
-- Name: users users_email_key110; Type: CONSTRAINT; Schema: public; Owner: benhensor
--

ALTER TABLE ONLY public.users
    ADD CONSTRAINT users_email_key110 UNIQUE (email);


--
-- Name: users users_email_key111; Type: CONSTRAINT; Schema: public; Owner: benhensor
--

ALTER TABLE ONLY public.users
    ADD CONSTRAINT users_email_key111 UNIQUE (email);


--
-- Name: users users_email_key112; Type: CONSTRAINT; Schema: public; Owner: benhensor
--

ALTER TABLE ONLY public.users
    ADD CONSTRAINT users_email_key112 UNIQUE (email);


--
-- Name: users users_email_key113; Type: CONSTRAINT; Schema: public; Owner: benhensor
--

ALTER TABLE ONLY public.users
    ADD CONSTRAINT users_email_key113 UNIQUE (email);


--
-- Name: users users_email_key114; Type: CONSTRAINT; Schema: public; Owner: benhensor
--

ALTER TABLE ONLY public.users
    ADD CONSTRAINT users_email_key114 UNIQUE (email);


--
-- Name: users users_email_key115; Type: CONSTRAINT; Schema: public; Owner: benhensor
--

ALTER TABLE ONLY public.users
    ADD CONSTRAINT users_email_key115 UNIQUE (email);


--
-- Name: users users_email_key116; Type: CONSTRAINT; Schema: public; Owner: benhensor
--

ALTER TABLE ONLY public.users
    ADD CONSTRAINT users_email_key116 UNIQUE (email);


--
-- Name: users users_email_key117; Type: CONSTRAINT; Schema: public; Owner: benhensor
--

ALTER TABLE ONLY public.users
    ADD CONSTRAINT users_email_key117 UNIQUE (email);


--
-- Name: users users_email_key118; Type: CONSTRAINT; Schema: public; Owner: benhensor
--

ALTER TABLE ONLY public.users
    ADD CONSTRAINT users_email_key118 UNIQUE (email);


--
-- Name: users users_email_key119; Type: CONSTRAINT; Schema: public; Owner: benhensor
--

ALTER TABLE ONLY public.users
    ADD CONSTRAINT users_email_key119 UNIQUE (email);


--
-- Name: users users_email_key12; Type: CONSTRAINT; Schema: public; Owner: benhensor
--

ALTER TABLE ONLY public.users
    ADD CONSTRAINT users_email_key12 UNIQUE (email);


--
-- Name: users users_email_key120; Type: CONSTRAINT; Schema: public; Owner: benhensor
--

ALTER TABLE ONLY public.users
    ADD CONSTRAINT users_email_key120 UNIQUE (email);


--
-- Name: users users_email_key121; Type: CONSTRAINT; Schema: public; Owner: benhensor
--

ALTER TABLE ONLY public.users
    ADD CONSTRAINT users_email_key121 UNIQUE (email);


--
-- Name: users users_email_key122; Type: CONSTRAINT; Schema: public; Owner: benhensor
--

ALTER TABLE ONLY public.users
    ADD CONSTRAINT users_email_key122 UNIQUE (email);


--
-- Name: users users_email_key123; Type: CONSTRAINT; Schema: public; Owner: benhensor
--

ALTER TABLE ONLY public.users
    ADD CONSTRAINT users_email_key123 UNIQUE (email);


--
-- Name: users users_email_key124; Type: CONSTRAINT; Schema: public; Owner: benhensor
--

ALTER TABLE ONLY public.users
    ADD CONSTRAINT users_email_key124 UNIQUE (email);


--
-- Name: users users_email_key125; Type: CONSTRAINT; Schema: public; Owner: benhensor
--

ALTER TABLE ONLY public.users
    ADD CONSTRAINT users_email_key125 UNIQUE (email);


--
-- Name: users users_email_key126; Type: CONSTRAINT; Schema: public; Owner: benhensor
--

ALTER TABLE ONLY public.users
    ADD CONSTRAINT users_email_key126 UNIQUE (email);


--
-- Name: users users_email_key127; Type: CONSTRAINT; Schema: public; Owner: benhensor
--

ALTER TABLE ONLY public.users
    ADD CONSTRAINT users_email_key127 UNIQUE (email);


--
-- Name: users users_email_key128; Type: CONSTRAINT; Schema: public; Owner: benhensor
--

ALTER TABLE ONLY public.users
    ADD CONSTRAINT users_email_key128 UNIQUE (email);


--
-- Name: users users_email_key129; Type: CONSTRAINT; Schema: public; Owner: benhensor
--

ALTER TABLE ONLY public.users
    ADD CONSTRAINT users_email_key129 UNIQUE (email);


--
-- Name: users users_email_key13; Type: CONSTRAINT; Schema: public; Owner: benhensor
--

ALTER TABLE ONLY public.users
    ADD CONSTRAINT users_email_key13 UNIQUE (email);


--
-- Name: users users_email_key130; Type: CONSTRAINT; Schema: public; Owner: benhensor
--

ALTER TABLE ONLY public.users
    ADD CONSTRAINT users_email_key130 UNIQUE (email);


--
-- Name: users users_email_key131; Type: CONSTRAINT; Schema: public; Owner: benhensor
--

ALTER TABLE ONLY public.users
    ADD CONSTRAINT users_email_key131 UNIQUE (email);


--
-- Name: users users_email_key132; Type: CONSTRAINT; Schema: public; Owner: benhensor
--

ALTER TABLE ONLY public.users
    ADD CONSTRAINT users_email_key132 UNIQUE (email);


--
-- Name: users users_email_key133; Type: CONSTRAINT; Schema: public; Owner: benhensor
--

ALTER TABLE ONLY public.users
    ADD CONSTRAINT users_email_key133 UNIQUE (email);


--
-- Name: users users_email_key134; Type: CONSTRAINT; Schema: public; Owner: benhensor
--

ALTER TABLE ONLY public.users
    ADD CONSTRAINT users_email_key134 UNIQUE (email);


--
-- Name: users users_email_key135; Type: CONSTRAINT; Schema: public; Owner: benhensor
--

ALTER TABLE ONLY public.users
    ADD CONSTRAINT users_email_key135 UNIQUE (email);


--
-- Name: users users_email_key136; Type: CONSTRAINT; Schema: public; Owner: benhensor
--

ALTER TABLE ONLY public.users
    ADD CONSTRAINT users_email_key136 UNIQUE (email);


--
-- Name: users users_email_key137; Type: CONSTRAINT; Schema: public; Owner: benhensor
--

ALTER TABLE ONLY public.users
    ADD CONSTRAINT users_email_key137 UNIQUE (email);


--
-- Name: users users_email_key138; Type: CONSTRAINT; Schema: public; Owner: benhensor
--

ALTER TABLE ONLY public.users
    ADD CONSTRAINT users_email_key138 UNIQUE (email);


--
-- Name: users users_email_key139; Type: CONSTRAINT; Schema: public; Owner: benhensor
--

ALTER TABLE ONLY public.users
    ADD CONSTRAINT users_email_key139 UNIQUE (email);


--
-- Name: users users_email_key14; Type: CONSTRAINT; Schema: public; Owner: benhensor
--

ALTER TABLE ONLY public.users
    ADD CONSTRAINT users_email_key14 UNIQUE (email);


--
-- Name: users users_email_key140; Type: CONSTRAINT; Schema: public; Owner: benhensor
--

ALTER TABLE ONLY public.users
    ADD CONSTRAINT users_email_key140 UNIQUE (email);


--
-- Name: users users_email_key141; Type: CONSTRAINT; Schema: public; Owner: benhensor
--

ALTER TABLE ONLY public.users
    ADD CONSTRAINT users_email_key141 UNIQUE (email);


--
-- Name: users users_email_key142; Type: CONSTRAINT; Schema: public; Owner: benhensor
--

ALTER TABLE ONLY public.users
    ADD CONSTRAINT users_email_key142 UNIQUE (email);


--
-- Name: users users_email_key143; Type: CONSTRAINT; Schema: public; Owner: benhensor
--

ALTER TABLE ONLY public.users
    ADD CONSTRAINT users_email_key143 UNIQUE (email);


--
-- Name: users users_email_key144; Type: CONSTRAINT; Schema: public; Owner: benhensor
--

ALTER TABLE ONLY public.users
    ADD CONSTRAINT users_email_key144 UNIQUE (email);


--
-- Name: users users_email_key145; Type: CONSTRAINT; Schema: public; Owner: benhensor
--

ALTER TABLE ONLY public.users
    ADD CONSTRAINT users_email_key145 UNIQUE (email);


--
-- Name: users users_email_key146; Type: CONSTRAINT; Schema: public; Owner: benhensor
--

ALTER TABLE ONLY public.users
    ADD CONSTRAINT users_email_key146 UNIQUE (email);


--
-- Name: users users_email_key147; Type: CONSTRAINT; Schema: public; Owner: benhensor
--

ALTER TABLE ONLY public.users
    ADD CONSTRAINT users_email_key147 UNIQUE (email);


--
-- Name: users users_email_key148; Type: CONSTRAINT; Schema: public; Owner: benhensor
--

ALTER TABLE ONLY public.users
    ADD CONSTRAINT users_email_key148 UNIQUE (email);


--
-- Name: users users_email_key149; Type: CONSTRAINT; Schema: public; Owner: benhensor
--

ALTER TABLE ONLY public.users
    ADD CONSTRAINT users_email_key149 UNIQUE (email);


--
-- Name: users users_email_key15; Type: CONSTRAINT; Schema: public; Owner: benhensor
--

ALTER TABLE ONLY public.users
    ADD CONSTRAINT users_email_key15 UNIQUE (email);


--
-- Name: users users_email_key150; Type: CONSTRAINT; Schema: public; Owner: benhensor
--

ALTER TABLE ONLY public.users
    ADD CONSTRAINT users_email_key150 UNIQUE (email);


--
-- Name: users users_email_key151; Type: CONSTRAINT; Schema: public; Owner: benhensor
--

ALTER TABLE ONLY public.users
    ADD CONSTRAINT users_email_key151 UNIQUE (email);


--
-- Name: users users_email_key152; Type: CONSTRAINT; Schema: public; Owner: benhensor
--

ALTER TABLE ONLY public.users
    ADD CONSTRAINT users_email_key152 UNIQUE (email);


--
-- Name: users users_email_key153; Type: CONSTRAINT; Schema: public; Owner: benhensor
--

ALTER TABLE ONLY public.users
    ADD CONSTRAINT users_email_key153 UNIQUE (email);


--
-- Name: users users_email_key154; Type: CONSTRAINT; Schema: public; Owner: benhensor
--

ALTER TABLE ONLY public.users
    ADD CONSTRAINT users_email_key154 UNIQUE (email);


--
-- Name: users users_email_key155; Type: CONSTRAINT; Schema: public; Owner: benhensor
--

ALTER TABLE ONLY public.users
    ADD CONSTRAINT users_email_key155 UNIQUE (email);


--
-- Name: users users_email_key156; Type: CONSTRAINT; Schema: public; Owner: benhensor
--

ALTER TABLE ONLY public.users
    ADD CONSTRAINT users_email_key156 UNIQUE (email);


--
-- Name: users users_email_key157; Type: CONSTRAINT; Schema: public; Owner: benhensor
--

ALTER TABLE ONLY public.users
    ADD CONSTRAINT users_email_key157 UNIQUE (email);


--
-- Name: users users_email_key158; Type: CONSTRAINT; Schema: public; Owner: benhensor
--

ALTER TABLE ONLY public.users
    ADD CONSTRAINT users_email_key158 UNIQUE (email);


--
-- Name: users users_email_key159; Type: CONSTRAINT; Schema: public; Owner: benhensor
--

ALTER TABLE ONLY public.users
    ADD CONSTRAINT users_email_key159 UNIQUE (email);


--
-- Name: users users_email_key16; Type: CONSTRAINT; Schema: public; Owner: benhensor
--

ALTER TABLE ONLY public.users
    ADD CONSTRAINT users_email_key16 UNIQUE (email);


--
-- Name: users users_email_key160; Type: CONSTRAINT; Schema: public; Owner: benhensor
--

ALTER TABLE ONLY public.users
    ADD CONSTRAINT users_email_key160 UNIQUE (email);


--
-- Name: users users_email_key161; Type: CONSTRAINT; Schema: public; Owner: benhensor
--

ALTER TABLE ONLY public.users
    ADD CONSTRAINT users_email_key161 UNIQUE (email);


--
-- Name: users users_email_key162; Type: CONSTRAINT; Schema: public; Owner: benhensor
--

ALTER TABLE ONLY public.users
    ADD CONSTRAINT users_email_key162 UNIQUE (email);


--
-- Name: users users_email_key163; Type: CONSTRAINT; Schema: public; Owner: benhensor
--

ALTER TABLE ONLY public.users
    ADD CONSTRAINT users_email_key163 UNIQUE (email);


--
-- Name: users users_email_key164; Type: CONSTRAINT; Schema: public; Owner: benhensor
--

ALTER TABLE ONLY public.users
    ADD CONSTRAINT users_email_key164 UNIQUE (email);


--
-- Name: users users_email_key165; Type: CONSTRAINT; Schema: public; Owner: benhensor
--

ALTER TABLE ONLY public.users
    ADD CONSTRAINT users_email_key165 UNIQUE (email);


--
-- Name: users users_email_key166; Type: CONSTRAINT; Schema: public; Owner: benhensor
--

ALTER TABLE ONLY public.users
    ADD CONSTRAINT users_email_key166 UNIQUE (email);


--
-- Name: users users_email_key167; Type: CONSTRAINT; Schema: public; Owner: benhensor
--

ALTER TABLE ONLY public.users
    ADD CONSTRAINT users_email_key167 UNIQUE (email);


--
-- Name: users users_email_key168; Type: CONSTRAINT; Schema: public; Owner: benhensor
--

ALTER TABLE ONLY public.users
    ADD CONSTRAINT users_email_key168 UNIQUE (email);


--
-- Name: users users_email_key169; Type: CONSTRAINT; Schema: public; Owner: benhensor
--

ALTER TABLE ONLY public.users
    ADD CONSTRAINT users_email_key169 UNIQUE (email);


--
-- Name: users users_email_key17; Type: CONSTRAINT; Schema: public; Owner: benhensor
--

ALTER TABLE ONLY public.users
    ADD CONSTRAINT users_email_key17 UNIQUE (email);


--
-- Name: users users_email_key170; Type: CONSTRAINT; Schema: public; Owner: benhensor
--

ALTER TABLE ONLY public.users
    ADD CONSTRAINT users_email_key170 UNIQUE (email);


--
-- Name: users users_email_key171; Type: CONSTRAINT; Schema: public; Owner: benhensor
--

ALTER TABLE ONLY public.users
    ADD CONSTRAINT users_email_key171 UNIQUE (email);


--
-- Name: users users_email_key172; Type: CONSTRAINT; Schema: public; Owner: benhensor
--

ALTER TABLE ONLY public.users
    ADD CONSTRAINT users_email_key172 UNIQUE (email);


--
-- Name: users users_email_key173; Type: CONSTRAINT; Schema: public; Owner: benhensor
--

ALTER TABLE ONLY public.users
    ADD CONSTRAINT users_email_key173 UNIQUE (email);


--
-- Name: users users_email_key174; Type: CONSTRAINT; Schema: public; Owner: benhensor
--

ALTER TABLE ONLY public.users
    ADD CONSTRAINT users_email_key174 UNIQUE (email);


--
-- Name: users users_email_key175; Type: CONSTRAINT; Schema: public; Owner: benhensor
--

ALTER TABLE ONLY public.users
    ADD CONSTRAINT users_email_key175 UNIQUE (email);


--
-- Name: users users_email_key176; Type: CONSTRAINT; Schema: public; Owner: benhensor
--

ALTER TABLE ONLY public.users
    ADD CONSTRAINT users_email_key176 UNIQUE (email);


--
-- Name: users users_email_key177; Type: CONSTRAINT; Schema: public; Owner: benhensor
--

ALTER TABLE ONLY public.users
    ADD CONSTRAINT users_email_key177 UNIQUE (email);


--
-- Name: users users_email_key178; Type: CONSTRAINT; Schema: public; Owner: benhensor
--

ALTER TABLE ONLY public.users
    ADD CONSTRAINT users_email_key178 UNIQUE (email);


--
-- Name: users users_email_key179; Type: CONSTRAINT; Schema: public; Owner: benhensor
--

ALTER TABLE ONLY public.users
    ADD CONSTRAINT users_email_key179 UNIQUE (email);


--
-- Name: users users_email_key18; Type: CONSTRAINT; Schema: public; Owner: benhensor
--

ALTER TABLE ONLY public.users
    ADD CONSTRAINT users_email_key18 UNIQUE (email);


--
-- Name: users users_email_key180; Type: CONSTRAINT; Schema: public; Owner: benhensor
--

ALTER TABLE ONLY public.users
    ADD CONSTRAINT users_email_key180 UNIQUE (email);


--
-- Name: users users_email_key181; Type: CONSTRAINT; Schema: public; Owner: benhensor
--

ALTER TABLE ONLY public.users
    ADD CONSTRAINT users_email_key181 UNIQUE (email);


--
-- Name: users users_email_key182; Type: CONSTRAINT; Schema: public; Owner: benhensor
--

ALTER TABLE ONLY public.users
    ADD CONSTRAINT users_email_key182 UNIQUE (email);


--
-- Name: users users_email_key183; Type: CONSTRAINT; Schema: public; Owner: benhensor
--

ALTER TABLE ONLY public.users
    ADD CONSTRAINT users_email_key183 UNIQUE (email);


--
-- Name: users users_email_key184; Type: CONSTRAINT; Schema: public; Owner: benhensor
--

ALTER TABLE ONLY public.users
    ADD CONSTRAINT users_email_key184 UNIQUE (email);


--
-- Name: users users_email_key185; Type: CONSTRAINT; Schema: public; Owner: benhensor
--

ALTER TABLE ONLY public.users
    ADD CONSTRAINT users_email_key185 UNIQUE (email);


--
-- Name: users users_email_key186; Type: CONSTRAINT; Schema: public; Owner: benhensor
--

ALTER TABLE ONLY public.users
    ADD CONSTRAINT users_email_key186 UNIQUE (email);


--
-- Name: users users_email_key187; Type: CONSTRAINT; Schema: public; Owner: benhensor
--

ALTER TABLE ONLY public.users
    ADD CONSTRAINT users_email_key187 UNIQUE (email);


--
-- Name: users users_email_key188; Type: CONSTRAINT; Schema: public; Owner: benhensor
--

ALTER TABLE ONLY public.users
    ADD CONSTRAINT users_email_key188 UNIQUE (email);


--
-- Name: users users_email_key189; Type: CONSTRAINT; Schema: public; Owner: benhensor
--

ALTER TABLE ONLY public.users
    ADD CONSTRAINT users_email_key189 UNIQUE (email);


--
-- Name: users users_email_key19; Type: CONSTRAINT; Schema: public; Owner: benhensor
--

ALTER TABLE ONLY public.users
    ADD CONSTRAINT users_email_key19 UNIQUE (email);


--
-- Name: users users_email_key190; Type: CONSTRAINT; Schema: public; Owner: benhensor
--

ALTER TABLE ONLY public.users
    ADD CONSTRAINT users_email_key190 UNIQUE (email);


--
-- Name: users users_email_key191; Type: CONSTRAINT; Schema: public; Owner: benhensor
--

ALTER TABLE ONLY public.users
    ADD CONSTRAINT users_email_key191 UNIQUE (email);


--
-- Name: users users_email_key192; Type: CONSTRAINT; Schema: public; Owner: benhensor
--

ALTER TABLE ONLY public.users
    ADD CONSTRAINT users_email_key192 UNIQUE (email);


--
-- Name: users users_email_key193; Type: CONSTRAINT; Schema: public; Owner: benhensor
--

ALTER TABLE ONLY public.users
    ADD CONSTRAINT users_email_key193 UNIQUE (email);


--
-- Name: users users_email_key194; Type: CONSTRAINT; Schema: public; Owner: benhensor
--

ALTER TABLE ONLY public.users
    ADD CONSTRAINT users_email_key194 UNIQUE (email);


--
-- Name: users users_email_key195; Type: CONSTRAINT; Schema: public; Owner: benhensor
--

ALTER TABLE ONLY public.users
    ADD CONSTRAINT users_email_key195 UNIQUE (email);


--
-- Name: users users_email_key196; Type: CONSTRAINT; Schema: public; Owner: benhensor
--

ALTER TABLE ONLY public.users
    ADD CONSTRAINT users_email_key196 UNIQUE (email);


--
-- Name: users users_email_key197; Type: CONSTRAINT; Schema: public; Owner: benhensor
--

ALTER TABLE ONLY public.users
    ADD CONSTRAINT users_email_key197 UNIQUE (email);


--
-- Name: users users_email_key198; Type: CONSTRAINT; Schema: public; Owner: benhensor
--

ALTER TABLE ONLY public.users
    ADD CONSTRAINT users_email_key198 UNIQUE (email);


--
-- Name: users users_email_key199; Type: CONSTRAINT; Schema: public; Owner: benhensor
--

ALTER TABLE ONLY public.users
    ADD CONSTRAINT users_email_key199 UNIQUE (email);


--
-- Name: users users_email_key2; Type: CONSTRAINT; Schema: public; Owner: benhensor
--

ALTER TABLE ONLY public.users
    ADD CONSTRAINT users_email_key2 UNIQUE (email);


--
-- Name: users users_email_key20; Type: CONSTRAINT; Schema: public; Owner: benhensor
--

ALTER TABLE ONLY public.users
    ADD CONSTRAINT users_email_key20 UNIQUE (email);


--
-- Name: users users_email_key200; Type: CONSTRAINT; Schema: public; Owner: benhensor
--

ALTER TABLE ONLY public.users
    ADD CONSTRAINT users_email_key200 UNIQUE (email);


--
-- Name: users users_email_key201; Type: CONSTRAINT; Schema: public; Owner: benhensor
--

ALTER TABLE ONLY public.users
    ADD CONSTRAINT users_email_key201 UNIQUE (email);


--
-- Name: users users_email_key202; Type: CONSTRAINT; Schema: public; Owner: benhensor
--

ALTER TABLE ONLY public.users
    ADD CONSTRAINT users_email_key202 UNIQUE (email);


--
-- Name: users users_email_key203; Type: CONSTRAINT; Schema: public; Owner: benhensor
--

ALTER TABLE ONLY public.users
    ADD CONSTRAINT users_email_key203 UNIQUE (email);


--
-- Name: users users_email_key204; Type: CONSTRAINT; Schema: public; Owner: benhensor
--

ALTER TABLE ONLY public.users
    ADD CONSTRAINT users_email_key204 UNIQUE (email);


--
-- Name: users users_email_key205; Type: CONSTRAINT; Schema: public; Owner: benhensor
--

ALTER TABLE ONLY public.users
    ADD CONSTRAINT users_email_key205 UNIQUE (email);


--
-- Name: users users_email_key206; Type: CONSTRAINT; Schema: public; Owner: benhensor
--

ALTER TABLE ONLY public.users
    ADD CONSTRAINT users_email_key206 UNIQUE (email);


--
-- Name: users users_email_key207; Type: CONSTRAINT; Schema: public; Owner: benhensor
--

ALTER TABLE ONLY public.users
    ADD CONSTRAINT users_email_key207 UNIQUE (email);


--
-- Name: users users_email_key208; Type: CONSTRAINT; Schema: public; Owner: benhensor
--

ALTER TABLE ONLY public.users
    ADD CONSTRAINT users_email_key208 UNIQUE (email);


--
-- Name: users users_email_key209; Type: CONSTRAINT; Schema: public; Owner: benhensor
--

ALTER TABLE ONLY public.users
    ADD CONSTRAINT users_email_key209 UNIQUE (email);


--
-- Name: users users_email_key21; Type: CONSTRAINT; Schema: public; Owner: benhensor
--

ALTER TABLE ONLY public.users
    ADD CONSTRAINT users_email_key21 UNIQUE (email);


--
-- Name: users users_email_key210; Type: CONSTRAINT; Schema: public; Owner: benhensor
--

ALTER TABLE ONLY public.users
    ADD CONSTRAINT users_email_key210 UNIQUE (email);


--
-- Name: users users_email_key211; Type: CONSTRAINT; Schema: public; Owner: benhensor
--

ALTER TABLE ONLY public.users
    ADD CONSTRAINT users_email_key211 UNIQUE (email);


--
-- Name: users users_email_key212; Type: CONSTRAINT; Schema: public; Owner: benhensor
--

ALTER TABLE ONLY public.users
    ADD CONSTRAINT users_email_key212 UNIQUE (email);


--
-- Name: users users_email_key213; Type: CONSTRAINT; Schema: public; Owner: benhensor
--

ALTER TABLE ONLY public.users
    ADD CONSTRAINT users_email_key213 UNIQUE (email);


--
-- Name: users users_email_key214; Type: CONSTRAINT; Schema: public; Owner: benhensor
--

ALTER TABLE ONLY public.users
    ADD CONSTRAINT users_email_key214 UNIQUE (email);


--
-- Name: users users_email_key215; Type: CONSTRAINT; Schema: public; Owner: benhensor
--

ALTER TABLE ONLY public.users
    ADD CONSTRAINT users_email_key215 UNIQUE (email);


--
-- Name: users users_email_key216; Type: CONSTRAINT; Schema: public; Owner: benhensor
--

ALTER TABLE ONLY public.users
    ADD CONSTRAINT users_email_key216 UNIQUE (email);


--
-- Name: users users_email_key217; Type: CONSTRAINT; Schema: public; Owner: benhensor
--

ALTER TABLE ONLY public.users
    ADD CONSTRAINT users_email_key217 UNIQUE (email);


--
-- Name: users users_email_key218; Type: CONSTRAINT; Schema: public; Owner: benhensor
--

ALTER TABLE ONLY public.users
    ADD CONSTRAINT users_email_key218 UNIQUE (email);


--
-- Name: users users_email_key219; Type: CONSTRAINT; Schema: public; Owner: benhensor
--

ALTER TABLE ONLY public.users
    ADD CONSTRAINT users_email_key219 UNIQUE (email);


--
-- Name: users users_email_key22; Type: CONSTRAINT; Schema: public; Owner: benhensor
--

ALTER TABLE ONLY public.users
    ADD CONSTRAINT users_email_key22 UNIQUE (email);


--
-- Name: users users_email_key220; Type: CONSTRAINT; Schema: public; Owner: benhensor
--

ALTER TABLE ONLY public.users
    ADD CONSTRAINT users_email_key220 UNIQUE (email);


--
-- Name: users users_email_key221; Type: CONSTRAINT; Schema: public; Owner: benhensor
--

ALTER TABLE ONLY public.users
    ADD CONSTRAINT users_email_key221 UNIQUE (email);


--
-- Name: users users_email_key222; Type: CONSTRAINT; Schema: public; Owner: benhensor
--

ALTER TABLE ONLY public.users
    ADD CONSTRAINT users_email_key222 UNIQUE (email);


--
-- Name: users users_email_key223; Type: CONSTRAINT; Schema: public; Owner: benhensor
--

ALTER TABLE ONLY public.users
    ADD CONSTRAINT users_email_key223 UNIQUE (email);


--
-- Name: users users_email_key224; Type: CONSTRAINT; Schema: public; Owner: benhensor
--

ALTER TABLE ONLY public.users
    ADD CONSTRAINT users_email_key224 UNIQUE (email);


--
-- Name: users users_email_key225; Type: CONSTRAINT; Schema: public; Owner: benhensor
--

ALTER TABLE ONLY public.users
    ADD CONSTRAINT users_email_key225 UNIQUE (email);


--
-- Name: users users_email_key226; Type: CONSTRAINT; Schema: public; Owner: benhensor
--

ALTER TABLE ONLY public.users
    ADD CONSTRAINT users_email_key226 UNIQUE (email);


--
-- Name: users users_email_key227; Type: CONSTRAINT; Schema: public; Owner: benhensor
--

ALTER TABLE ONLY public.users
    ADD CONSTRAINT users_email_key227 UNIQUE (email);


--
-- Name: users users_email_key228; Type: CONSTRAINT; Schema: public; Owner: benhensor
--

ALTER TABLE ONLY public.users
    ADD CONSTRAINT users_email_key228 UNIQUE (email);


--
-- Name: users users_email_key229; Type: CONSTRAINT; Schema: public; Owner: benhensor
--

ALTER TABLE ONLY public.users
    ADD CONSTRAINT users_email_key229 UNIQUE (email);


--
-- Name: users users_email_key23; Type: CONSTRAINT; Schema: public; Owner: benhensor
--

ALTER TABLE ONLY public.users
    ADD CONSTRAINT users_email_key23 UNIQUE (email);


--
-- Name: users users_email_key230; Type: CONSTRAINT; Schema: public; Owner: benhensor
--

ALTER TABLE ONLY public.users
    ADD CONSTRAINT users_email_key230 UNIQUE (email);


--
-- Name: users users_email_key231; Type: CONSTRAINT; Schema: public; Owner: benhensor
--

ALTER TABLE ONLY public.users
    ADD CONSTRAINT users_email_key231 UNIQUE (email);


--
-- Name: users users_email_key232; Type: CONSTRAINT; Schema: public; Owner: benhensor
--

ALTER TABLE ONLY public.users
    ADD CONSTRAINT users_email_key232 UNIQUE (email);


--
-- Name: users users_email_key233; Type: CONSTRAINT; Schema: public; Owner: benhensor
--

ALTER TABLE ONLY public.users
    ADD CONSTRAINT users_email_key233 UNIQUE (email);


--
-- Name: users users_email_key234; Type: CONSTRAINT; Schema: public; Owner: benhensor
--

ALTER TABLE ONLY public.users
    ADD CONSTRAINT users_email_key234 UNIQUE (email);


--
-- Name: users users_email_key235; Type: CONSTRAINT; Schema: public; Owner: benhensor
--

ALTER TABLE ONLY public.users
    ADD CONSTRAINT users_email_key235 UNIQUE (email);


--
-- Name: users users_email_key236; Type: CONSTRAINT; Schema: public; Owner: benhensor
--

ALTER TABLE ONLY public.users
    ADD CONSTRAINT users_email_key236 UNIQUE (email);


--
-- Name: users users_email_key237; Type: CONSTRAINT; Schema: public; Owner: benhensor
--

ALTER TABLE ONLY public.users
    ADD CONSTRAINT users_email_key237 UNIQUE (email);


--
-- Name: users users_email_key238; Type: CONSTRAINT; Schema: public; Owner: benhensor
--

ALTER TABLE ONLY public.users
    ADD CONSTRAINT users_email_key238 UNIQUE (email);


--
-- Name: users users_email_key239; Type: CONSTRAINT; Schema: public; Owner: benhensor
--

ALTER TABLE ONLY public.users
    ADD CONSTRAINT users_email_key239 UNIQUE (email);


--
-- Name: users users_email_key24; Type: CONSTRAINT; Schema: public; Owner: benhensor
--

ALTER TABLE ONLY public.users
    ADD CONSTRAINT users_email_key24 UNIQUE (email);


--
-- Name: users users_email_key240; Type: CONSTRAINT; Schema: public; Owner: benhensor
--

ALTER TABLE ONLY public.users
    ADD CONSTRAINT users_email_key240 UNIQUE (email);


--
-- Name: users users_email_key241; Type: CONSTRAINT; Schema: public; Owner: benhensor
--

ALTER TABLE ONLY public.users
    ADD CONSTRAINT users_email_key241 UNIQUE (email);


--
-- Name: users users_email_key242; Type: CONSTRAINT; Schema: public; Owner: benhensor
--

ALTER TABLE ONLY public.users
    ADD CONSTRAINT users_email_key242 UNIQUE (email);


--
-- Name: users users_email_key243; Type: CONSTRAINT; Schema: public; Owner: benhensor
--

ALTER TABLE ONLY public.users
    ADD CONSTRAINT users_email_key243 UNIQUE (email);


--
-- Name: users users_email_key244; Type: CONSTRAINT; Schema: public; Owner: benhensor
--

ALTER TABLE ONLY public.users
    ADD CONSTRAINT users_email_key244 UNIQUE (email);


--
-- Name: users users_email_key245; Type: CONSTRAINT; Schema: public; Owner: benhensor
--

ALTER TABLE ONLY public.users
    ADD CONSTRAINT users_email_key245 UNIQUE (email);


--
-- Name: users users_email_key246; Type: CONSTRAINT; Schema: public; Owner: benhensor
--

ALTER TABLE ONLY public.users
    ADD CONSTRAINT users_email_key246 UNIQUE (email);


--
-- Name: users users_email_key247; Type: CONSTRAINT; Schema: public; Owner: benhensor
--

ALTER TABLE ONLY public.users
    ADD CONSTRAINT users_email_key247 UNIQUE (email);


--
-- Name: users users_email_key248; Type: CONSTRAINT; Schema: public; Owner: benhensor
--

ALTER TABLE ONLY public.users
    ADD CONSTRAINT users_email_key248 UNIQUE (email);


--
-- Name: users users_email_key249; Type: CONSTRAINT; Schema: public; Owner: benhensor
--

ALTER TABLE ONLY public.users
    ADD CONSTRAINT users_email_key249 UNIQUE (email);


--
-- Name: users users_email_key25; Type: CONSTRAINT; Schema: public; Owner: benhensor
--

ALTER TABLE ONLY public.users
    ADD CONSTRAINT users_email_key25 UNIQUE (email);


--
-- Name: users users_email_key250; Type: CONSTRAINT; Schema: public; Owner: benhensor
--

ALTER TABLE ONLY public.users
    ADD CONSTRAINT users_email_key250 UNIQUE (email);


--
-- Name: users users_email_key251; Type: CONSTRAINT; Schema: public; Owner: benhensor
--

ALTER TABLE ONLY public.users
    ADD CONSTRAINT users_email_key251 UNIQUE (email);


--
-- Name: users users_email_key252; Type: CONSTRAINT; Schema: public; Owner: benhensor
--

ALTER TABLE ONLY public.users
    ADD CONSTRAINT users_email_key252 UNIQUE (email);


--
-- Name: users users_email_key253; Type: CONSTRAINT; Schema: public; Owner: benhensor
--

ALTER TABLE ONLY public.users
    ADD CONSTRAINT users_email_key253 UNIQUE (email);


--
-- Name: users users_email_key254; Type: CONSTRAINT; Schema: public; Owner: benhensor
--

ALTER TABLE ONLY public.users
    ADD CONSTRAINT users_email_key254 UNIQUE (email);


--
-- Name: users users_email_key255; Type: CONSTRAINT; Schema: public; Owner: benhensor
--

ALTER TABLE ONLY public.users
    ADD CONSTRAINT users_email_key255 UNIQUE (email);


--
-- Name: users users_email_key256; Type: CONSTRAINT; Schema: public; Owner: benhensor
--

ALTER TABLE ONLY public.users
    ADD CONSTRAINT users_email_key256 UNIQUE (email);


--
-- Name: users users_email_key257; Type: CONSTRAINT; Schema: public; Owner: benhensor
--

ALTER TABLE ONLY public.users
    ADD CONSTRAINT users_email_key257 UNIQUE (email);


--
-- Name: users users_email_key258; Type: CONSTRAINT; Schema: public; Owner: benhensor
--

ALTER TABLE ONLY public.users
    ADD CONSTRAINT users_email_key258 UNIQUE (email);


--
-- Name: users users_email_key259; Type: CONSTRAINT; Schema: public; Owner: benhensor
--

ALTER TABLE ONLY public.users
    ADD CONSTRAINT users_email_key259 UNIQUE (email);


--
-- Name: users users_email_key26; Type: CONSTRAINT; Schema: public; Owner: benhensor
--

ALTER TABLE ONLY public.users
    ADD CONSTRAINT users_email_key26 UNIQUE (email);


--
-- Name: users users_email_key260; Type: CONSTRAINT; Schema: public; Owner: benhensor
--

ALTER TABLE ONLY public.users
    ADD CONSTRAINT users_email_key260 UNIQUE (email);


--
-- Name: users users_email_key261; Type: CONSTRAINT; Schema: public; Owner: benhensor
--

ALTER TABLE ONLY public.users
    ADD CONSTRAINT users_email_key261 UNIQUE (email);


--
-- Name: users users_email_key262; Type: CONSTRAINT; Schema: public; Owner: benhensor
--

ALTER TABLE ONLY public.users
    ADD CONSTRAINT users_email_key262 UNIQUE (email);


--
-- Name: users users_email_key263; Type: CONSTRAINT; Schema: public; Owner: benhensor
--

ALTER TABLE ONLY public.users
    ADD CONSTRAINT users_email_key263 UNIQUE (email);


--
-- Name: users users_email_key264; Type: CONSTRAINT; Schema: public; Owner: benhensor
--

ALTER TABLE ONLY public.users
    ADD CONSTRAINT users_email_key264 UNIQUE (email);


--
-- Name: users users_email_key265; Type: CONSTRAINT; Schema: public; Owner: benhensor
--

ALTER TABLE ONLY public.users
    ADD CONSTRAINT users_email_key265 UNIQUE (email);


--
-- Name: users users_email_key266; Type: CONSTRAINT; Schema: public; Owner: benhensor
--

ALTER TABLE ONLY public.users
    ADD CONSTRAINT users_email_key266 UNIQUE (email);


--
-- Name: users users_email_key267; Type: CONSTRAINT; Schema: public; Owner: benhensor
--

ALTER TABLE ONLY public.users
    ADD CONSTRAINT users_email_key267 UNIQUE (email);


--
-- Name: users users_email_key268; Type: CONSTRAINT; Schema: public; Owner: benhensor
--

ALTER TABLE ONLY public.users
    ADD CONSTRAINT users_email_key268 UNIQUE (email);


--
-- Name: users users_email_key269; Type: CONSTRAINT; Schema: public; Owner: benhensor
--

ALTER TABLE ONLY public.users
    ADD CONSTRAINT users_email_key269 UNIQUE (email);


--
-- Name: users users_email_key27; Type: CONSTRAINT; Schema: public; Owner: benhensor
--

ALTER TABLE ONLY public.users
    ADD CONSTRAINT users_email_key27 UNIQUE (email);


--
-- Name: users users_email_key270; Type: CONSTRAINT; Schema: public; Owner: benhensor
--

ALTER TABLE ONLY public.users
    ADD CONSTRAINT users_email_key270 UNIQUE (email);


--
-- Name: users users_email_key271; Type: CONSTRAINT; Schema: public; Owner: benhensor
--

ALTER TABLE ONLY public.users
    ADD CONSTRAINT users_email_key271 UNIQUE (email);


--
-- Name: users users_email_key272; Type: CONSTRAINT; Schema: public; Owner: benhensor
--

ALTER TABLE ONLY public.users
    ADD CONSTRAINT users_email_key272 UNIQUE (email);


--
-- Name: users users_email_key273; Type: CONSTRAINT; Schema: public; Owner: benhensor
--

ALTER TABLE ONLY public.users
    ADD CONSTRAINT users_email_key273 UNIQUE (email);


--
-- Name: users users_email_key274; Type: CONSTRAINT; Schema: public; Owner: benhensor
--

ALTER TABLE ONLY public.users
    ADD CONSTRAINT users_email_key274 UNIQUE (email);


--
-- Name: users users_email_key275; Type: CONSTRAINT; Schema: public; Owner: benhensor
--

ALTER TABLE ONLY public.users
    ADD CONSTRAINT users_email_key275 UNIQUE (email);


--
-- Name: users users_email_key276; Type: CONSTRAINT; Schema: public; Owner: benhensor
--

ALTER TABLE ONLY public.users
    ADD CONSTRAINT users_email_key276 UNIQUE (email);


--
-- Name: users users_email_key277; Type: CONSTRAINT; Schema: public; Owner: benhensor
--

ALTER TABLE ONLY public.users
    ADD CONSTRAINT users_email_key277 UNIQUE (email);


--
-- Name: users users_email_key278; Type: CONSTRAINT; Schema: public; Owner: benhensor
--

ALTER TABLE ONLY public.users
    ADD CONSTRAINT users_email_key278 UNIQUE (email);


--
-- Name: users users_email_key279; Type: CONSTRAINT; Schema: public; Owner: benhensor
--

ALTER TABLE ONLY public.users
    ADD CONSTRAINT users_email_key279 UNIQUE (email);


--
-- Name: users users_email_key28; Type: CONSTRAINT; Schema: public; Owner: benhensor
--

ALTER TABLE ONLY public.users
    ADD CONSTRAINT users_email_key28 UNIQUE (email);


--
-- Name: users users_email_key280; Type: CONSTRAINT; Schema: public; Owner: benhensor
--

ALTER TABLE ONLY public.users
    ADD CONSTRAINT users_email_key280 UNIQUE (email);


--
-- Name: users users_email_key281; Type: CONSTRAINT; Schema: public; Owner: benhensor
--

ALTER TABLE ONLY public.users
    ADD CONSTRAINT users_email_key281 UNIQUE (email);


--
-- Name: users users_email_key282; Type: CONSTRAINT; Schema: public; Owner: benhensor
--

ALTER TABLE ONLY public.users
    ADD CONSTRAINT users_email_key282 UNIQUE (email);


--
-- Name: users users_email_key283; Type: CONSTRAINT; Schema: public; Owner: benhensor
--

ALTER TABLE ONLY public.users
    ADD CONSTRAINT users_email_key283 UNIQUE (email);


--
-- Name: users users_email_key284; Type: CONSTRAINT; Schema: public; Owner: benhensor
--

ALTER TABLE ONLY public.users
    ADD CONSTRAINT users_email_key284 UNIQUE (email);


--
-- Name: users users_email_key285; Type: CONSTRAINT; Schema: public; Owner: benhensor
--

ALTER TABLE ONLY public.users
    ADD CONSTRAINT users_email_key285 UNIQUE (email);


--
-- Name: users users_email_key286; Type: CONSTRAINT; Schema: public; Owner: benhensor
--

ALTER TABLE ONLY public.users
    ADD CONSTRAINT users_email_key286 UNIQUE (email);


--
-- Name: users users_email_key287; Type: CONSTRAINT; Schema: public; Owner: benhensor
--

ALTER TABLE ONLY public.users
    ADD CONSTRAINT users_email_key287 UNIQUE (email);


--
-- Name: users users_email_key288; Type: CONSTRAINT; Schema: public; Owner: benhensor
--

ALTER TABLE ONLY public.users
    ADD CONSTRAINT users_email_key288 UNIQUE (email);


--
-- Name: users users_email_key289; Type: CONSTRAINT; Schema: public; Owner: benhensor
--

ALTER TABLE ONLY public.users
    ADD CONSTRAINT users_email_key289 UNIQUE (email);


--
-- Name: users users_email_key29; Type: CONSTRAINT; Schema: public; Owner: benhensor
--

ALTER TABLE ONLY public.users
    ADD CONSTRAINT users_email_key29 UNIQUE (email);


--
-- Name: users users_email_key290; Type: CONSTRAINT; Schema: public; Owner: benhensor
--

ALTER TABLE ONLY public.users
    ADD CONSTRAINT users_email_key290 UNIQUE (email);


--
-- Name: users users_email_key291; Type: CONSTRAINT; Schema: public; Owner: benhensor
--

ALTER TABLE ONLY public.users
    ADD CONSTRAINT users_email_key291 UNIQUE (email);


--
-- Name: users users_email_key292; Type: CONSTRAINT; Schema: public; Owner: benhensor
--

ALTER TABLE ONLY public.users
    ADD CONSTRAINT users_email_key292 UNIQUE (email);


--
-- Name: users users_email_key293; Type: CONSTRAINT; Schema: public; Owner: benhensor
--

ALTER TABLE ONLY public.users
    ADD CONSTRAINT users_email_key293 UNIQUE (email);


--
-- Name: users users_email_key294; Type: CONSTRAINT; Schema: public; Owner: benhensor
--

ALTER TABLE ONLY public.users
    ADD CONSTRAINT users_email_key294 UNIQUE (email);


--
-- Name: users users_email_key295; Type: CONSTRAINT; Schema: public; Owner: benhensor
--

ALTER TABLE ONLY public.users
    ADD CONSTRAINT users_email_key295 UNIQUE (email);


--
-- Name: users users_email_key296; Type: CONSTRAINT; Schema: public; Owner: benhensor
--

ALTER TABLE ONLY public.users
    ADD CONSTRAINT users_email_key296 UNIQUE (email);


--
-- Name: users users_email_key297; Type: CONSTRAINT; Schema: public; Owner: benhensor
--

ALTER TABLE ONLY public.users
    ADD CONSTRAINT users_email_key297 UNIQUE (email);


--
-- Name: users users_email_key298; Type: CONSTRAINT; Schema: public; Owner: benhensor
--

ALTER TABLE ONLY public.users
    ADD CONSTRAINT users_email_key298 UNIQUE (email);


--
-- Name: users users_email_key299; Type: CONSTRAINT; Schema: public; Owner: benhensor
--

ALTER TABLE ONLY public.users
    ADD CONSTRAINT users_email_key299 UNIQUE (email);


--
-- Name: users users_email_key3; Type: CONSTRAINT; Schema: public; Owner: benhensor
--

ALTER TABLE ONLY public.users
    ADD CONSTRAINT users_email_key3 UNIQUE (email);


--
-- Name: users users_email_key30; Type: CONSTRAINT; Schema: public; Owner: benhensor
--

ALTER TABLE ONLY public.users
    ADD CONSTRAINT users_email_key30 UNIQUE (email);


--
-- Name: users users_email_key300; Type: CONSTRAINT; Schema: public; Owner: benhensor
--

ALTER TABLE ONLY public.users
    ADD CONSTRAINT users_email_key300 UNIQUE (email);


--
-- Name: users users_email_key301; Type: CONSTRAINT; Schema: public; Owner: benhensor
--

ALTER TABLE ONLY public.users
    ADD CONSTRAINT users_email_key301 UNIQUE (email);


--
-- Name: users users_email_key302; Type: CONSTRAINT; Schema: public; Owner: benhensor
--

ALTER TABLE ONLY public.users
    ADD CONSTRAINT users_email_key302 UNIQUE (email);


--
-- Name: users users_email_key303; Type: CONSTRAINT; Schema: public; Owner: benhensor
--

ALTER TABLE ONLY public.users
    ADD CONSTRAINT users_email_key303 UNIQUE (email);


--
-- Name: users users_email_key304; Type: CONSTRAINT; Schema: public; Owner: benhensor
--

ALTER TABLE ONLY public.users
    ADD CONSTRAINT users_email_key304 UNIQUE (email);


--
-- Name: users users_email_key305; Type: CONSTRAINT; Schema: public; Owner: benhensor
--

ALTER TABLE ONLY public.users
    ADD CONSTRAINT users_email_key305 UNIQUE (email);


--
-- Name: users users_email_key306; Type: CONSTRAINT; Schema: public; Owner: benhensor
--

ALTER TABLE ONLY public.users
    ADD CONSTRAINT users_email_key306 UNIQUE (email);


--
-- Name: users users_email_key307; Type: CONSTRAINT; Schema: public; Owner: benhensor
--

ALTER TABLE ONLY public.users
    ADD CONSTRAINT users_email_key307 UNIQUE (email);


--
-- Name: users users_email_key308; Type: CONSTRAINT; Schema: public; Owner: benhensor
--

ALTER TABLE ONLY public.users
    ADD CONSTRAINT users_email_key308 UNIQUE (email);


--
-- Name: users users_email_key309; Type: CONSTRAINT; Schema: public; Owner: benhensor
--

ALTER TABLE ONLY public.users
    ADD CONSTRAINT users_email_key309 UNIQUE (email);


--
-- Name: users users_email_key31; Type: CONSTRAINT; Schema: public; Owner: benhensor
--

ALTER TABLE ONLY public.users
    ADD CONSTRAINT users_email_key31 UNIQUE (email);


--
-- Name: users users_email_key310; Type: CONSTRAINT; Schema: public; Owner: benhensor
--

ALTER TABLE ONLY public.users
    ADD CONSTRAINT users_email_key310 UNIQUE (email);


--
-- Name: users users_email_key311; Type: CONSTRAINT; Schema: public; Owner: benhensor
--

ALTER TABLE ONLY public.users
    ADD CONSTRAINT users_email_key311 UNIQUE (email);


--
-- Name: users users_email_key312; Type: CONSTRAINT; Schema: public; Owner: benhensor
--

ALTER TABLE ONLY public.users
    ADD CONSTRAINT users_email_key312 UNIQUE (email);


--
-- Name: users users_email_key313; Type: CONSTRAINT; Schema: public; Owner: benhensor
--

ALTER TABLE ONLY public.users
    ADD CONSTRAINT users_email_key313 UNIQUE (email);


--
-- Name: users users_email_key314; Type: CONSTRAINT; Schema: public; Owner: benhensor
--

ALTER TABLE ONLY public.users
    ADD CONSTRAINT users_email_key314 UNIQUE (email);


--
-- Name: users users_email_key315; Type: CONSTRAINT; Schema: public; Owner: benhensor
--

ALTER TABLE ONLY public.users
    ADD CONSTRAINT users_email_key315 UNIQUE (email);


--
-- Name: users users_email_key316; Type: CONSTRAINT; Schema: public; Owner: benhensor
--

ALTER TABLE ONLY public.users
    ADD CONSTRAINT users_email_key316 UNIQUE (email);


--
-- Name: users users_email_key317; Type: CONSTRAINT; Schema: public; Owner: benhensor
--

ALTER TABLE ONLY public.users
    ADD CONSTRAINT users_email_key317 UNIQUE (email);


--
-- Name: users users_email_key318; Type: CONSTRAINT; Schema: public; Owner: benhensor
--

ALTER TABLE ONLY public.users
    ADD CONSTRAINT users_email_key318 UNIQUE (email);


--
-- Name: users users_email_key319; Type: CONSTRAINT; Schema: public; Owner: benhensor
--

ALTER TABLE ONLY public.users
    ADD CONSTRAINT users_email_key319 UNIQUE (email);


--
-- Name: users users_email_key32; Type: CONSTRAINT; Schema: public; Owner: benhensor
--

ALTER TABLE ONLY public.users
    ADD CONSTRAINT users_email_key32 UNIQUE (email);


--
-- Name: users users_email_key320; Type: CONSTRAINT; Schema: public; Owner: benhensor
--

ALTER TABLE ONLY public.users
    ADD CONSTRAINT users_email_key320 UNIQUE (email);


--
-- Name: users users_email_key321; Type: CONSTRAINT; Schema: public; Owner: benhensor
--

ALTER TABLE ONLY public.users
    ADD CONSTRAINT users_email_key321 UNIQUE (email);


--
-- Name: users users_email_key322; Type: CONSTRAINT; Schema: public; Owner: benhensor
--

ALTER TABLE ONLY public.users
    ADD CONSTRAINT users_email_key322 UNIQUE (email);


--
-- Name: users users_email_key323; Type: CONSTRAINT; Schema: public; Owner: benhensor
--

ALTER TABLE ONLY public.users
    ADD CONSTRAINT users_email_key323 UNIQUE (email);


--
-- Name: users users_email_key324; Type: CONSTRAINT; Schema: public; Owner: benhensor
--

ALTER TABLE ONLY public.users
    ADD CONSTRAINT users_email_key324 UNIQUE (email);


--
-- Name: users users_email_key325; Type: CONSTRAINT; Schema: public; Owner: benhensor
--

ALTER TABLE ONLY public.users
    ADD CONSTRAINT users_email_key325 UNIQUE (email);


--
-- Name: users users_email_key326; Type: CONSTRAINT; Schema: public; Owner: benhensor
--

ALTER TABLE ONLY public.users
    ADD CONSTRAINT users_email_key326 UNIQUE (email);


--
-- Name: users users_email_key327; Type: CONSTRAINT; Schema: public; Owner: benhensor
--

ALTER TABLE ONLY public.users
    ADD CONSTRAINT users_email_key327 UNIQUE (email);


--
-- Name: users users_email_key328; Type: CONSTRAINT; Schema: public; Owner: benhensor
--

ALTER TABLE ONLY public.users
    ADD CONSTRAINT users_email_key328 UNIQUE (email);


--
-- Name: users users_email_key329; Type: CONSTRAINT; Schema: public; Owner: benhensor
--

ALTER TABLE ONLY public.users
    ADD CONSTRAINT users_email_key329 UNIQUE (email);


--
-- Name: users users_email_key33; Type: CONSTRAINT; Schema: public; Owner: benhensor
--

ALTER TABLE ONLY public.users
    ADD CONSTRAINT users_email_key33 UNIQUE (email);


--
-- Name: users users_email_key330; Type: CONSTRAINT; Schema: public; Owner: benhensor
--

ALTER TABLE ONLY public.users
    ADD CONSTRAINT users_email_key330 UNIQUE (email);


--
-- Name: users users_email_key331; Type: CONSTRAINT; Schema: public; Owner: benhensor
--

ALTER TABLE ONLY public.users
    ADD CONSTRAINT users_email_key331 UNIQUE (email);


--
-- Name: users users_email_key332; Type: CONSTRAINT; Schema: public; Owner: benhensor
--

ALTER TABLE ONLY public.users
    ADD CONSTRAINT users_email_key332 UNIQUE (email);


--
-- Name: users users_email_key333; Type: CONSTRAINT; Schema: public; Owner: benhensor
--

ALTER TABLE ONLY public.users
    ADD CONSTRAINT users_email_key333 UNIQUE (email);


--
-- Name: users users_email_key334; Type: CONSTRAINT; Schema: public; Owner: benhensor
--

ALTER TABLE ONLY public.users
    ADD CONSTRAINT users_email_key334 UNIQUE (email);


--
-- Name: users users_email_key335; Type: CONSTRAINT; Schema: public; Owner: benhensor
--

ALTER TABLE ONLY public.users
    ADD CONSTRAINT users_email_key335 UNIQUE (email);


--
-- Name: users users_email_key336; Type: CONSTRAINT; Schema: public; Owner: benhensor
--

ALTER TABLE ONLY public.users
    ADD CONSTRAINT users_email_key336 UNIQUE (email);


--
-- Name: users users_email_key337; Type: CONSTRAINT; Schema: public; Owner: benhensor
--

ALTER TABLE ONLY public.users
    ADD CONSTRAINT users_email_key337 UNIQUE (email);


--
-- Name: users users_email_key338; Type: CONSTRAINT; Schema: public; Owner: benhensor
--

ALTER TABLE ONLY public.users
    ADD CONSTRAINT users_email_key338 UNIQUE (email);


--
-- Name: users users_email_key339; Type: CONSTRAINT; Schema: public; Owner: benhensor
--

ALTER TABLE ONLY public.users
    ADD CONSTRAINT users_email_key339 UNIQUE (email);


--
-- Name: users users_email_key34; Type: CONSTRAINT; Schema: public; Owner: benhensor
--

ALTER TABLE ONLY public.users
    ADD CONSTRAINT users_email_key34 UNIQUE (email);


--
-- Name: users users_email_key340; Type: CONSTRAINT; Schema: public; Owner: benhensor
--

ALTER TABLE ONLY public.users
    ADD CONSTRAINT users_email_key340 UNIQUE (email);


--
-- Name: users users_email_key341; Type: CONSTRAINT; Schema: public; Owner: benhensor
--

ALTER TABLE ONLY public.users
    ADD CONSTRAINT users_email_key341 UNIQUE (email);


--
-- Name: users users_email_key342; Type: CONSTRAINT; Schema: public; Owner: benhensor
--

ALTER TABLE ONLY public.users
    ADD CONSTRAINT users_email_key342 UNIQUE (email);


--
-- Name: users users_email_key343; Type: CONSTRAINT; Schema: public; Owner: benhensor
--

ALTER TABLE ONLY public.users
    ADD CONSTRAINT users_email_key343 UNIQUE (email);


--
-- Name: users users_email_key344; Type: CONSTRAINT; Schema: public; Owner: benhensor
--

ALTER TABLE ONLY public.users
    ADD CONSTRAINT users_email_key344 UNIQUE (email);


--
-- Name: users users_email_key345; Type: CONSTRAINT; Schema: public; Owner: benhensor
--

ALTER TABLE ONLY public.users
    ADD CONSTRAINT users_email_key345 UNIQUE (email);


--
-- Name: users users_email_key346; Type: CONSTRAINT; Schema: public; Owner: benhensor
--

ALTER TABLE ONLY public.users
    ADD CONSTRAINT users_email_key346 UNIQUE (email);


--
-- Name: users users_email_key347; Type: CONSTRAINT; Schema: public; Owner: benhensor
--

ALTER TABLE ONLY public.users
    ADD CONSTRAINT users_email_key347 UNIQUE (email);


--
-- Name: users users_email_key348; Type: CONSTRAINT; Schema: public; Owner: benhensor
--

ALTER TABLE ONLY public.users
    ADD CONSTRAINT users_email_key348 UNIQUE (email);


--
-- Name: users users_email_key349; Type: CONSTRAINT; Schema: public; Owner: benhensor
--

ALTER TABLE ONLY public.users
    ADD CONSTRAINT users_email_key349 UNIQUE (email);


--
-- Name: users users_email_key35; Type: CONSTRAINT; Schema: public; Owner: benhensor
--

ALTER TABLE ONLY public.users
    ADD CONSTRAINT users_email_key35 UNIQUE (email);


--
-- Name: users users_email_key350; Type: CONSTRAINT; Schema: public; Owner: benhensor
--

ALTER TABLE ONLY public.users
    ADD CONSTRAINT users_email_key350 UNIQUE (email);


--
-- Name: users users_email_key351; Type: CONSTRAINT; Schema: public; Owner: benhensor
--

ALTER TABLE ONLY public.users
    ADD CONSTRAINT users_email_key351 UNIQUE (email);


--
-- Name: users users_email_key352; Type: CONSTRAINT; Schema: public; Owner: benhensor
--

ALTER TABLE ONLY public.users
    ADD CONSTRAINT users_email_key352 UNIQUE (email);


--
-- Name: users users_email_key353; Type: CONSTRAINT; Schema: public; Owner: benhensor
--

ALTER TABLE ONLY public.users
    ADD CONSTRAINT users_email_key353 UNIQUE (email);


--
-- Name: users users_email_key354; Type: CONSTRAINT; Schema: public; Owner: benhensor
--

ALTER TABLE ONLY public.users
    ADD CONSTRAINT users_email_key354 UNIQUE (email);


--
-- Name: users users_email_key355; Type: CONSTRAINT; Schema: public; Owner: benhensor
--

ALTER TABLE ONLY public.users
    ADD CONSTRAINT users_email_key355 UNIQUE (email);


--
-- Name: users users_email_key356; Type: CONSTRAINT; Schema: public; Owner: benhensor
--

ALTER TABLE ONLY public.users
    ADD CONSTRAINT users_email_key356 UNIQUE (email);


--
-- Name: users users_email_key357; Type: CONSTRAINT; Schema: public; Owner: benhensor
--

ALTER TABLE ONLY public.users
    ADD CONSTRAINT users_email_key357 UNIQUE (email);


--
-- Name: users users_email_key358; Type: CONSTRAINT; Schema: public; Owner: benhensor
--

ALTER TABLE ONLY public.users
    ADD CONSTRAINT users_email_key358 UNIQUE (email);


--
-- Name: users users_email_key359; Type: CONSTRAINT; Schema: public; Owner: benhensor
--

ALTER TABLE ONLY public.users
    ADD CONSTRAINT users_email_key359 UNIQUE (email);


--
-- Name: users users_email_key36; Type: CONSTRAINT; Schema: public; Owner: benhensor
--

ALTER TABLE ONLY public.users
    ADD CONSTRAINT users_email_key36 UNIQUE (email);


--
-- Name: users users_email_key360; Type: CONSTRAINT; Schema: public; Owner: benhensor
--

ALTER TABLE ONLY public.users
    ADD CONSTRAINT users_email_key360 UNIQUE (email);


--
-- Name: users users_email_key361; Type: CONSTRAINT; Schema: public; Owner: benhensor
--

ALTER TABLE ONLY public.users
    ADD CONSTRAINT users_email_key361 UNIQUE (email);


--
-- Name: users users_email_key362; Type: CONSTRAINT; Schema: public; Owner: benhensor
--

ALTER TABLE ONLY public.users
    ADD CONSTRAINT users_email_key362 UNIQUE (email);


--
-- Name: users users_email_key363; Type: CONSTRAINT; Schema: public; Owner: benhensor
--

ALTER TABLE ONLY public.users
    ADD CONSTRAINT users_email_key363 UNIQUE (email);


--
-- Name: users users_email_key364; Type: CONSTRAINT; Schema: public; Owner: benhensor
--

ALTER TABLE ONLY public.users
    ADD CONSTRAINT users_email_key364 UNIQUE (email);


--
-- Name: users users_email_key365; Type: CONSTRAINT; Schema: public; Owner: benhensor
--

ALTER TABLE ONLY public.users
    ADD CONSTRAINT users_email_key365 UNIQUE (email);


--
-- Name: users users_email_key366; Type: CONSTRAINT; Schema: public; Owner: benhensor
--

ALTER TABLE ONLY public.users
    ADD CONSTRAINT users_email_key366 UNIQUE (email);


--
-- Name: users users_email_key367; Type: CONSTRAINT; Schema: public; Owner: benhensor
--

ALTER TABLE ONLY public.users
    ADD CONSTRAINT users_email_key367 UNIQUE (email);


--
-- Name: users users_email_key368; Type: CONSTRAINT; Schema: public; Owner: benhensor
--

ALTER TABLE ONLY public.users
    ADD CONSTRAINT users_email_key368 UNIQUE (email);


--
-- Name: users users_email_key369; Type: CONSTRAINT; Schema: public; Owner: benhensor
--

ALTER TABLE ONLY public.users
    ADD CONSTRAINT users_email_key369 UNIQUE (email);


--
-- Name: users users_email_key37; Type: CONSTRAINT; Schema: public; Owner: benhensor
--

ALTER TABLE ONLY public.users
    ADD CONSTRAINT users_email_key37 UNIQUE (email);


--
-- Name: users users_email_key370; Type: CONSTRAINT; Schema: public; Owner: benhensor
--

ALTER TABLE ONLY public.users
    ADD CONSTRAINT users_email_key370 UNIQUE (email);


--
-- Name: users users_email_key371; Type: CONSTRAINT; Schema: public; Owner: benhensor
--

ALTER TABLE ONLY public.users
    ADD CONSTRAINT users_email_key371 UNIQUE (email);


--
-- Name: users users_email_key372; Type: CONSTRAINT; Schema: public; Owner: benhensor
--

ALTER TABLE ONLY public.users
    ADD CONSTRAINT users_email_key372 UNIQUE (email);


--
-- Name: users users_email_key373; Type: CONSTRAINT; Schema: public; Owner: benhensor
--

ALTER TABLE ONLY public.users
    ADD CONSTRAINT users_email_key373 UNIQUE (email);


--
-- Name: users users_email_key374; Type: CONSTRAINT; Schema: public; Owner: benhensor
--

ALTER TABLE ONLY public.users
    ADD CONSTRAINT users_email_key374 UNIQUE (email);


--
-- Name: users users_email_key375; Type: CONSTRAINT; Schema: public; Owner: benhensor
--

ALTER TABLE ONLY public.users
    ADD CONSTRAINT users_email_key375 UNIQUE (email);


--
-- Name: users users_email_key376; Type: CONSTRAINT; Schema: public; Owner: benhensor
--

ALTER TABLE ONLY public.users
    ADD CONSTRAINT users_email_key376 UNIQUE (email);


--
-- Name: users users_email_key377; Type: CONSTRAINT; Schema: public; Owner: benhensor
--

ALTER TABLE ONLY public.users
    ADD CONSTRAINT users_email_key377 UNIQUE (email);


--
-- Name: users users_email_key378; Type: CONSTRAINT; Schema: public; Owner: benhensor
--

ALTER TABLE ONLY public.users
    ADD CONSTRAINT users_email_key378 UNIQUE (email);


--
-- Name: users users_email_key379; Type: CONSTRAINT; Schema: public; Owner: benhensor
--

ALTER TABLE ONLY public.users
    ADD CONSTRAINT users_email_key379 UNIQUE (email);


--
-- Name: users users_email_key38; Type: CONSTRAINT; Schema: public; Owner: benhensor
--

ALTER TABLE ONLY public.users
    ADD CONSTRAINT users_email_key38 UNIQUE (email);


--
-- Name: users users_email_key380; Type: CONSTRAINT; Schema: public; Owner: benhensor
--

ALTER TABLE ONLY public.users
    ADD CONSTRAINT users_email_key380 UNIQUE (email);


--
-- Name: users users_email_key381; Type: CONSTRAINT; Schema: public; Owner: benhensor
--

ALTER TABLE ONLY public.users
    ADD CONSTRAINT users_email_key381 UNIQUE (email);


--
-- Name: users users_email_key382; Type: CONSTRAINT; Schema: public; Owner: benhensor
--

ALTER TABLE ONLY public.users
    ADD CONSTRAINT users_email_key382 UNIQUE (email);


--
-- Name: users users_email_key383; Type: CONSTRAINT; Schema: public; Owner: benhensor
--

ALTER TABLE ONLY public.users
    ADD CONSTRAINT users_email_key383 UNIQUE (email);


--
-- Name: users users_email_key384; Type: CONSTRAINT; Schema: public; Owner: benhensor
--

ALTER TABLE ONLY public.users
    ADD CONSTRAINT users_email_key384 UNIQUE (email);


--
-- Name: users users_email_key385; Type: CONSTRAINT; Schema: public; Owner: benhensor
--

ALTER TABLE ONLY public.users
    ADD CONSTRAINT users_email_key385 UNIQUE (email);


--
-- Name: users users_email_key386; Type: CONSTRAINT; Schema: public; Owner: benhensor
--

ALTER TABLE ONLY public.users
    ADD CONSTRAINT users_email_key386 UNIQUE (email);


--
-- Name: users users_email_key387; Type: CONSTRAINT; Schema: public; Owner: benhensor
--

ALTER TABLE ONLY public.users
    ADD CONSTRAINT users_email_key387 UNIQUE (email);


--
-- Name: users users_email_key388; Type: CONSTRAINT; Schema: public; Owner: benhensor
--

ALTER TABLE ONLY public.users
    ADD CONSTRAINT users_email_key388 UNIQUE (email);


--
-- Name: users users_email_key389; Type: CONSTRAINT; Schema: public; Owner: benhensor
--

ALTER TABLE ONLY public.users
    ADD CONSTRAINT users_email_key389 UNIQUE (email);


--
-- Name: users users_email_key39; Type: CONSTRAINT; Schema: public; Owner: benhensor
--

ALTER TABLE ONLY public.users
    ADD CONSTRAINT users_email_key39 UNIQUE (email);


--
-- Name: users users_email_key390; Type: CONSTRAINT; Schema: public; Owner: benhensor
--

ALTER TABLE ONLY public.users
    ADD CONSTRAINT users_email_key390 UNIQUE (email);


--
-- Name: users users_email_key391; Type: CONSTRAINT; Schema: public; Owner: benhensor
--

ALTER TABLE ONLY public.users
    ADD CONSTRAINT users_email_key391 UNIQUE (email);


--
-- Name: users users_email_key392; Type: CONSTRAINT; Schema: public; Owner: benhensor
--

ALTER TABLE ONLY public.users
    ADD CONSTRAINT users_email_key392 UNIQUE (email);


--
-- Name: users users_email_key393; Type: CONSTRAINT; Schema: public; Owner: benhensor
--

ALTER TABLE ONLY public.users
    ADD CONSTRAINT users_email_key393 UNIQUE (email);


--
-- Name: users users_email_key394; Type: CONSTRAINT; Schema: public; Owner: benhensor
--

ALTER TABLE ONLY public.users
    ADD CONSTRAINT users_email_key394 UNIQUE (email);


--
-- Name: users users_email_key395; Type: CONSTRAINT; Schema: public; Owner: benhensor
--

ALTER TABLE ONLY public.users
    ADD CONSTRAINT users_email_key395 UNIQUE (email);


--
-- Name: users users_email_key396; Type: CONSTRAINT; Schema: public; Owner: benhensor
--

ALTER TABLE ONLY public.users
    ADD CONSTRAINT users_email_key396 UNIQUE (email);


--
-- Name: users users_email_key397; Type: CONSTRAINT; Schema: public; Owner: benhensor
--

ALTER TABLE ONLY public.users
    ADD CONSTRAINT users_email_key397 UNIQUE (email);


--
-- Name: users users_email_key398; Type: CONSTRAINT; Schema: public; Owner: benhensor
--

ALTER TABLE ONLY public.users
    ADD CONSTRAINT users_email_key398 UNIQUE (email);


--
-- Name: users users_email_key399; Type: CONSTRAINT; Schema: public; Owner: benhensor
--

ALTER TABLE ONLY public.users
    ADD CONSTRAINT users_email_key399 UNIQUE (email);


--
-- Name: users users_email_key4; Type: CONSTRAINT; Schema: public; Owner: benhensor
--

ALTER TABLE ONLY public.users
    ADD CONSTRAINT users_email_key4 UNIQUE (email);


--
-- Name: users users_email_key40; Type: CONSTRAINT; Schema: public; Owner: benhensor
--

ALTER TABLE ONLY public.users
    ADD CONSTRAINT users_email_key40 UNIQUE (email);


--
-- Name: users users_email_key400; Type: CONSTRAINT; Schema: public; Owner: benhensor
--

ALTER TABLE ONLY public.users
    ADD CONSTRAINT users_email_key400 UNIQUE (email);


--
-- Name: users users_email_key401; Type: CONSTRAINT; Schema: public; Owner: benhensor
--

ALTER TABLE ONLY public.users
    ADD CONSTRAINT users_email_key401 UNIQUE (email);


--
-- Name: users users_email_key402; Type: CONSTRAINT; Schema: public; Owner: benhensor
--

ALTER TABLE ONLY public.users
    ADD CONSTRAINT users_email_key402 UNIQUE (email);


--
-- Name: users users_email_key403; Type: CONSTRAINT; Schema: public; Owner: benhensor
--

ALTER TABLE ONLY public.users
    ADD CONSTRAINT users_email_key403 UNIQUE (email);


--
-- Name: users users_email_key404; Type: CONSTRAINT; Schema: public; Owner: benhensor
--

ALTER TABLE ONLY public.users
    ADD CONSTRAINT users_email_key404 UNIQUE (email);


--
-- Name: users users_email_key405; Type: CONSTRAINT; Schema: public; Owner: benhensor
--

ALTER TABLE ONLY public.users
    ADD CONSTRAINT users_email_key405 UNIQUE (email);


--
-- Name: users users_email_key406; Type: CONSTRAINT; Schema: public; Owner: benhensor
--

ALTER TABLE ONLY public.users
    ADD CONSTRAINT users_email_key406 UNIQUE (email);


--
-- Name: users users_email_key407; Type: CONSTRAINT; Schema: public; Owner: benhensor
--

ALTER TABLE ONLY public.users
    ADD CONSTRAINT users_email_key407 UNIQUE (email);


--
-- Name: users users_email_key408; Type: CONSTRAINT; Schema: public; Owner: benhensor
--

ALTER TABLE ONLY public.users
    ADD CONSTRAINT users_email_key408 UNIQUE (email);


--
-- Name: users users_email_key409; Type: CONSTRAINT; Schema: public; Owner: benhensor
--

ALTER TABLE ONLY public.users
    ADD CONSTRAINT users_email_key409 UNIQUE (email);


--
-- Name: users users_email_key41; Type: CONSTRAINT; Schema: public; Owner: benhensor
--

ALTER TABLE ONLY public.users
    ADD CONSTRAINT users_email_key41 UNIQUE (email);


--
-- Name: users users_email_key410; Type: CONSTRAINT; Schema: public; Owner: benhensor
--

ALTER TABLE ONLY public.users
    ADD CONSTRAINT users_email_key410 UNIQUE (email);


--
-- Name: users users_email_key411; Type: CONSTRAINT; Schema: public; Owner: benhensor
--

ALTER TABLE ONLY public.users
    ADD CONSTRAINT users_email_key411 UNIQUE (email);


--
-- Name: users users_email_key412; Type: CONSTRAINT; Schema: public; Owner: benhensor
--

ALTER TABLE ONLY public.users
    ADD CONSTRAINT users_email_key412 UNIQUE (email);


--
-- Name: users users_email_key413; Type: CONSTRAINT; Schema: public; Owner: benhensor
--

ALTER TABLE ONLY public.users
    ADD CONSTRAINT users_email_key413 UNIQUE (email);


--
-- Name: users users_email_key414; Type: CONSTRAINT; Schema: public; Owner: benhensor
--

ALTER TABLE ONLY public.users
    ADD CONSTRAINT users_email_key414 UNIQUE (email);


--
-- Name: users users_email_key415; Type: CONSTRAINT; Schema: public; Owner: benhensor
--

ALTER TABLE ONLY public.users
    ADD CONSTRAINT users_email_key415 UNIQUE (email);


--
-- Name: users users_email_key416; Type: CONSTRAINT; Schema: public; Owner: benhensor
--

ALTER TABLE ONLY public.users
    ADD CONSTRAINT users_email_key416 UNIQUE (email);


--
-- Name: users users_email_key417; Type: CONSTRAINT; Schema: public; Owner: benhensor
--

ALTER TABLE ONLY public.users
    ADD CONSTRAINT users_email_key417 UNIQUE (email);


--
-- Name: users users_email_key418; Type: CONSTRAINT; Schema: public; Owner: benhensor
--

ALTER TABLE ONLY public.users
    ADD CONSTRAINT users_email_key418 UNIQUE (email);


--
-- Name: users users_email_key419; Type: CONSTRAINT; Schema: public; Owner: benhensor
--

ALTER TABLE ONLY public.users
    ADD CONSTRAINT users_email_key419 UNIQUE (email);


--
-- Name: users users_email_key42; Type: CONSTRAINT; Schema: public; Owner: benhensor
--

ALTER TABLE ONLY public.users
    ADD CONSTRAINT users_email_key42 UNIQUE (email);


--
-- Name: users users_email_key420; Type: CONSTRAINT; Schema: public; Owner: benhensor
--

ALTER TABLE ONLY public.users
    ADD CONSTRAINT users_email_key420 UNIQUE (email);


--
-- Name: users users_email_key421; Type: CONSTRAINT; Schema: public; Owner: benhensor
--

ALTER TABLE ONLY public.users
    ADD CONSTRAINT users_email_key421 UNIQUE (email);


--
-- Name: users users_email_key422; Type: CONSTRAINT; Schema: public; Owner: benhensor
--

ALTER TABLE ONLY public.users
    ADD CONSTRAINT users_email_key422 UNIQUE (email);


--
-- Name: users users_email_key423; Type: CONSTRAINT; Schema: public; Owner: benhensor
--

ALTER TABLE ONLY public.users
    ADD CONSTRAINT users_email_key423 UNIQUE (email);


--
-- Name: users users_email_key424; Type: CONSTRAINT; Schema: public; Owner: benhensor
--

ALTER TABLE ONLY public.users
    ADD CONSTRAINT users_email_key424 UNIQUE (email);


--
-- Name: users users_email_key425; Type: CONSTRAINT; Schema: public; Owner: benhensor
--

ALTER TABLE ONLY public.users
    ADD CONSTRAINT users_email_key425 UNIQUE (email);


--
-- Name: users users_email_key426; Type: CONSTRAINT; Schema: public; Owner: benhensor
--

ALTER TABLE ONLY public.users
    ADD CONSTRAINT users_email_key426 UNIQUE (email);


--
-- Name: users users_email_key427; Type: CONSTRAINT; Schema: public; Owner: benhensor
--

ALTER TABLE ONLY public.users
    ADD CONSTRAINT users_email_key427 UNIQUE (email);


--
-- Name: users users_email_key428; Type: CONSTRAINT; Schema: public; Owner: benhensor
--

ALTER TABLE ONLY public.users
    ADD CONSTRAINT users_email_key428 UNIQUE (email);


--
-- Name: users users_email_key429; Type: CONSTRAINT; Schema: public; Owner: benhensor
--

ALTER TABLE ONLY public.users
    ADD CONSTRAINT users_email_key429 UNIQUE (email);


--
-- Name: users users_email_key43; Type: CONSTRAINT; Schema: public; Owner: benhensor
--

ALTER TABLE ONLY public.users
    ADD CONSTRAINT users_email_key43 UNIQUE (email);


--
-- Name: users users_email_key430; Type: CONSTRAINT; Schema: public; Owner: benhensor
--

ALTER TABLE ONLY public.users
    ADD CONSTRAINT users_email_key430 UNIQUE (email);


--
-- Name: users users_email_key431; Type: CONSTRAINT; Schema: public; Owner: benhensor
--

ALTER TABLE ONLY public.users
    ADD CONSTRAINT users_email_key431 UNIQUE (email);


--
-- Name: users users_email_key432; Type: CONSTRAINT; Schema: public; Owner: benhensor
--

ALTER TABLE ONLY public.users
    ADD CONSTRAINT users_email_key432 UNIQUE (email);


--
-- Name: users users_email_key433; Type: CONSTRAINT; Schema: public; Owner: benhensor
--

ALTER TABLE ONLY public.users
    ADD CONSTRAINT users_email_key433 UNIQUE (email);


--
-- Name: users users_email_key434; Type: CONSTRAINT; Schema: public; Owner: benhensor
--

ALTER TABLE ONLY public.users
    ADD CONSTRAINT users_email_key434 UNIQUE (email);


--
-- Name: users users_email_key435; Type: CONSTRAINT; Schema: public; Owner: benhensor
--

ALTER TABLE ONLY public.users
    ADD CONSTRAINT users_email_key435 UNIQUE (email);


--
-- Name: users users_email_key436; Type: CONSTRAINT; Schema: public; Owner: benhensor
--

ALTER TABLE ONLY public.users
    ADD CONSTRAINT users_email_key436 UNIQUE (email);


--
-- Name: users users_email_key437; Type: CONSTRAINT; Schema: public; Owner: benhensor
--

ALTER TABLE ONLY public.users
    ADD CONSTRAINT users_email_key437 UNIQUE (email);


--
-- Name: users users_email_key438; Type: CONSTRAINT; Schema: public; Owner: benhensor
--

ALTER TABLE ONLY public.users
    ADD CONSTRAINT users_email_key438 UNIQUE (email);


--
-- Name: users users_email_key439; Type: CONSTRAINT; Schema: public; Owner: benhensor
--

ALTER TABLE ONLY public.users
    ADD CONSTRAINT users_email_key439 UNIQUE (email);


--
-- Name: users users_email_key44; Type: CONSTRAINT; Schema: public; Owner: benhensor
--

ALTER TABLE ONLY public.users
    ADD CONSTRAINT users_email_key44 UNIQUE (email);


--
-- Name: users users_email_key440; Type: CONSTRAINT; Schema: public; Owner: benhensor
--

ALTER TABLE ONLY public.users
    ADD CONSTRAINT users_email_key440 UNIQUE (email);


--
-- Name: users users_email_key45; Type: CONSTRAINT; Schema: public; Owner: benhensor
--

ALTER TABLE ONLY public.users
    ADD CONSTRAINT users_email_key45 UNIQUE (email);


--
-- Name: users users_email_key46; Type: CONSTRAINT; Schema: public; Owner: benhensor
--

ALTER TABLE ONLY public.users
    ADD CONSTRAINT users_email_key46 UNIQUE (email);


--
-- Name: users users_email_key47; Type: CONSTRAINT; Schema: public; Owner: benhensor
--

ALTER TABLE ONLY public.users
    ADD CONSTRAINT users_email_key47 UNIQUE (email);


--
-- Name: users users_email_key48; Type: CONSTRAINT; Schema: public; Owner: benhensor
--

ALTER TABLE ONLY public.users
    ADD CONSTRAINT users_email_key48 UNIQUE (email);


--
-- Name: users users_email_key49; Type: CONSTRAINT; Schema: public; Owner: benhensor
--

ALTER TABLE ONLY public.users
    ADD CONSTRAINT users_email_key49 UNIQUE (email);


--
-- Name: users users_email_key5; Type: CONSTRAINT; Schema: public; Owner: benhensor
--

ALTER TABLE ONLY public.users
    ADD CONSTRAINT users_email_key5 UNIQUE (email);


--
-- Name: users users_email_key50; Type: CONSTRAINT; Schema: public; Owner: benhensor
--

ALTER TABLE ONLY public.users
    ADD CONSTRAINT users_email_key50 UNIQUE (email);


--
-- Name: users users_email_key51; Type: CONSTRAINT; Schema: public; Owner: benhensor
--

ALTER TABLE ONLY public.users
    ADD CONSTRAINT users_email_key51 UNIQUE (email);


--
-- Name: users users_email_key52; Type: CONSTRAINT; Schema: public; Owner: benhensor
--

ALTER TABLE ONLY public.users
    ADD CONSTRAINT users_email_key52 UNIQUE (email);


--
-- Name: users users_email_key53; Type: CONSTRAINT; Schema: public; Owner: benhensor
--

ALTER TABLE ONLY public.users
    ADD CONSTRAINT users_email_key53 UNIQUE (email);


--
-- Name: users users_email_key54; Type: CONSTRAINT; Schema: public; Owner: benhensor
--

ALTER TABLE ONLY public.users
    ADD CONSTRAINT users_email_key54 UNIQUE (email);


--
-- Name: users users_email_key55; Type: CONSTRAINT; Schema: public; Owner: benhensor
--

ALTER TABLE ONLY public.users
    ADD CONSTRAINT users_email_key55 UNIQUE (email);


--
-- Name: users users_email_key56; Type: CONSTRAINT; Schema: public; Owner: benhensor
--

ALTER TABLE ONLY public.users
    ADD CONSTRAINT users_email_key56 UNIQUE (email);


--
-- Name: users users_email_key57; Type: CONSTRAINT; Schema: public; Owner: benhensor
--

ALTER TABLE ONLY public.users
    ADD CONSTRAINT users_email_key57 UNIQUE (email);


--
-- Name: users users_email_key58; Type: CONSTRAINT; Schema: public; Owner: benhensor
--

ALTER TABLE ONLY public.users
    ADD CONSTRAINT users_email_key58 UNIQUE (email);


--
-- Name: users users_email_key59; Type: CONSTRAINT; Schema: public; Owner: benhensor
--

ALTER TABLE ONLY public.users
    ADD CONSTRAINT users_email_key59 UNIQUE (email);


--
-- Name: users users_email_key6; Type: CONSTRAINT; Schema: public; Owner: benhensor
--

ALTER TABLE ONLY public.users
    ADD CONSTRAINT users_email_key6 UNIQUE (email);


--
-- Name: users users_email_key60; Type: CONSTRAINT; Schema: public; Owner: benhensor
--

ALTER TABLE ONLY public.users
    ADD CONSTRAINT users_email_key60 UNIQUE (email);


--
-- Name: users users_email_key61; Type: CONSTRAINT; Schema: public; Owner: benhensor
--

ALTER TABLE ONLY public.users
    ADD CONSTRAINT users_email_key61 UNIQUE (email);


--
-- Name: users users_email_key62; Type: CONSTRAINT; Schema: public; Owner: benhensor
--

ALTER TABLE ONLY public.users
    ADD CONSTRAINT users_email_key62 UNIQUE (email);


--
-- Name: users users_email_key63; Type: CONSTRAINT; Schema: public; Owner: benhensor
--

ALTER TABLE ONLY public.users
    ADD CONSTRAINT users_email_key63 UNIQUE (email);


--
-- Name: users users_email_key64; Type: CONSTRAINT; Schema: public; Owner: benhensor
--

ALTER TABLE ONLY public.users
    ADD CONSTRAINT users_email_key64 UNIQUE (email);


--
-- Name: users users_email_key65; Type: CONSTRAINT; Schema: public; Owner: benhensor
--

ALTER TABLE ONLY public.users
    ADD CONSTRAINT users_email_key65 UNIQUE (email);


--
-- Name: users users_email_key66; Type: CONSTRAINT; Schema: public; Owner: benhensor
--

ALTER TABLE ONLY public.users
    ADD CONSTRAINT users_email_key66 UNIQUE (email);


--
-- Name: users users_email_key67; Type: CONSTRAINT; Schema: public; Owner: benhensor
--

ALTER TABLE ONLY public.users
    ADD CONSTRAINT users_email_key67 UNIQUE (email);


--
-- Name: users users_email_key68; Type: CONSTRAINT; Schema: public; Owner: benhensor
--

ALTER TABLE ONLY public.users
    ADD CONSTRAINT users_email_key68 UNIQUE (email);


--
-- Name: users users_email_key69; Type: CONSTRAINT; Schema: public; Owner: benhensor
--

ALTER TABLE ONLY public.users
    ADD CONSTRAINT users_email_key69 UNIQUE (email);


--
-- Name: users users_email_key7; Type: CONSTRAINT; Schema: public; Owner: benhensor
--

ALTER TABLE ONLY public.users
    ADD CONSTRAINT users_email_key7 UNIQUE (email);


--
-- Name: users users_email_key70; Type: CONSTRAINT; Schema: public; Owner: benhensor
--

ALTER TABLE ONLY public.users
    ADD CONSTRAINT users_email_key70 UNIQUE (email);


--
-- Name: users users_email_key71; Type: CONSTRAINT; Schema: public; Owner: benhensor
--

ALTER TABLE ONLY public.users
    ADD CONSTRAINT users_email_key71 UNIQUE (email);


--
-- Name: users users_email_key72; Type: CONSTRAINT; Schema: public; Owner: benhensor
--

ALTER TABLE ONLY public.users
    ADD CONSTRAINT users_email_key72 UNIQUE (email);


--
-- Name: users users_email_key73; Type: CONSTRAINT; Schema: public; Owner: benhensor
--

ALTER TABLE ONLY public.users
    ADD CONSTRAINT users_email_key73 UNIQUE (email);


--
-- Name: users users_email_key74; Type: CONSTRAINT; Schema: public; Owner: benhensor
--

ALTER TABLE ONLY public.users
    ADD CONSTRAINT users_email_key74 UNIQUE (email);


--
-- Name: users users_email_key75; Type: CONSTRAINT; Schema: public; Owner: benhensor
--

ALTER TABLE ONLY public.users
    ADD CONSTRAINT users_email_key75 UNIQUE (email);


--
-- Name: users users_email_key76; Type: CONSTRAINT; Schema: public; Owner: benhensor
--

ALTER TABLE ONLY public.users
    ADD CONSTRAINT users_email_key76 UNIQUE (email);


--
-- Name: users users_email_key77; Type: CONSTRAINT; Schema: public; Owner: benhensor
--

ALTER TABLE ONLY public.users
    ADD CONSTRAINT users_email_key77 UNIQUE (email);


--
-- Name: users users_email_key78; Type: CONSTRAINT; Schema: public; Owner: benhensor
--

ALTER TABLE ONLY public.users
    ADD CONSTRAINT users_email_key78 UNIQUE (email);


--
-- Name: users users_email_key79; Type: CONSTRAINT; Schema: public; Owner: benhensor
--

ALTER TABLE ONLY public.users
    ADD CONSTRAINT users_email_key79 UNIQUE (email);


--
-- Name: users users_email_key8; Type: CONSTRAINT; Schema: public; Owner: benhensor
--

ALTER TABLE ONLY public.users
    ADD CONSTRAINT users_email_key8 UNIQUE (email);


--
-- Name: users users_email_key80; Type: CONSTRAINT; Schema: public; Owner: benhensor
--

ALTER TABLE ONLY public.users
    ADD CONSTRAINT users_email_key80 UNIQUE (email);


--
-- Name: users users_email_key81; Type: CONSTRAINT; Schema: public; Owner: benhensor
--

ALTER TABLE ONLY public.users
    ADD CONSTRAINT users_email_key81 UNIQUE (email);


--
-- Name: users users_email_key82; Type: CONSTRAINT; Schema: public; Owner: benhensor
--

ALTER TABLE ONLY public.users
    ADD CONSTRAINT users_email_key82 UNIQUE (email);


--
-- Name: users users_email_key83; Type: CONSTRAINT; Schema: public; Owner: benhensor
--

ALTER TABLE ONLY public.users
    ADD CONSTRAINT users_email_key83 UNIQUE (email);


--
-- Name: users users_email_key84; Type: CONSTRAINT; Schema: public; Owner: benhensor
--

ALTER TABLE ONLY public.users
    ADD CONSTRAINT users_email_key84 UNIQUE (email);


--
-- Name: users users_email_key85; Type: CONSTRAINT; Schema: public; Owner: benhensor
--

ALTER TABLE ONLY public.users
    ADD CONSTRAINT users_email_key85 UNIQUE (email);


--
-- Name: users users_email_key86; Type: CONSTRAINT; Schema: public; Owner: benhensor
--

ALTER TABLE ONLY public.users
    ADD CONSTRAINT users_email_key86 UNIQUE (email);


--
-- Name: users users_email_key87; Type: CONSTRAINT; Schema: public; Owner: benhensor
--

ALTER TABLE ONLY public.users
    ADD CONSTRAINT users_email_key87 UNIQUE (email);


--
-- Name: users users_email_key88; Type: CONSTRAINT; Schema: public; Owner: benhensor
--

ALTER TABLE ONLY public.users
    ADD CONSTRAINT users_email_key88 UNIQUE (email);


--
-- Name: users users_email_key89; Type: CONSTRAINT; Schema: public; Owner: benhensor
--

ALTER TABLE ONLY public.users
    ADD CONSTRAINT users_email_key89 UNIQUE (email);


--
-- Name: users users_email_key9; Type: CONSTRAINT; Schema: public; Owner: benhensor
--

ALTER TABLE ONLY public.users
    ADD CONSTRAINT users_email_key9 UNIQUE (email);


--
-- Name: users users_email_key90; Type: CONSTRAINT; Schema: public; Owner: benhensor
--

ALTER TABLE ONLY public.users
    ADD CONSTRAINT users_email_key90 UNIQUE (email);


--
-- Name: users users_email_key91; Type: CONSTRAINT; Schema: public; Owner: benhensor
--

ALTER TABLE ONLY public.users
    ADD CONSTRAINT users_email_key91 UNIQUE (email);


--
-- Name: users users_email_key92; Type: CONSTRAINT; Schema: public; Owner: benhensor
--

ALTER TABLE ONLY public.users
    ADD CONSTRAINT users_email_key92 UNIQUE (email);


--
-- Name: users users_email_key93; Type: CONSTRAINT; Schema: public; Owner: benhensor
--

ALTER TABLE ONLY public.users
    ADD CONSTRAINT users_email_key93 UNIQUE (email);


--
-- Name: users users_email_key94; Type: CONSTRAINT; Schema: public; Owner: benhensor
--

ALTER TABLE ONLY public.users
    ADD CONSTRAINT users_email_key94 UNIQUE (email);


--
-- Name: users users_email_key95; Type: CONSTRAINT; Schema: public; Owner: benhensor
--

ALTER TABLE ONLY public.users
    ADD CONSTRAINT users_email_key95 UNIQUE (email);


--
-- Name: users users_email_key96; Type: CONSTRAINT; Schema: public; Owner: benhensor
--

ALTER TABLE ONLY public.users
    ADD CONSTRAINT users_email_key96 UNIQUE (email);


--
-- Name: users users_email_key97; Type: CONSTRAINT; Schema: public; Owner: benhensor
--

ALTER TABLE ONLY public.users
    ADD CONSTRAINT users_email_key97 UNIQUE (email);


--
-- Name: users users_email_key98; Type: CONSTRAINT; Schema: public; Owner: benhensor
--

ALTER TABLE ONLY public.users
    ADD CONSTRAINT users_email_key98 UNIQUE (email);


--
-- Name: users users_email_key99; Type: CONSTRAINT; Schema: public; Owner: benhensor
--

ALTER TABLE ONLY public.users
    ADD CONSTRAINT users_email_key99 UNIQUE (email);


--
-- Name: users users_pkey; Type: CONSTRAINT; Schema: public; Owner: benhensor
--

ALTER TABLE ONLY public.users
    ADD CONSTRAINT users_pkey PRIMARY KEY (id);


--
-- Name: books books_user_id_fkey; Type: FK CONSTRAINT; Schema: public; Owner: benhensor
--

ALTER TABLE ONLY public.books
    ADD CONSTRAINT books_user_id_fkey FOREIGN KEY (user_id) REFERENCES public.users(id) ON UPDATE CASCADE ON DELETE CASCADE;


--
-- Name: messages messages_book_id_fkey; Type: FK CONSTRAINT; Schema: public; Owner: postgres
--

ALTER TABLE ONLY public.messages
    ADD CONSTRAINT messages_book_id_fkey FOREIGN KEY (book_id) REFERENCES public.books(id) ON UPDATE CASCADE ON DELETE CASCADE;


--
-- Name: messages messages_parentMessageId_fkey; Type: FK CONSTRAINT; Schema: public; Owner: postgres
--

ALTER TABLE ONLY public.messages
    ADD CONSTRAINT "messages_parentMessageId_fkey" FOREIGN KEY ("parentMessageId") REFERENCES public.messages(id) ON UPDATE CASCADE ON DELETE SET NULL;


--
-- Name: messages messages_recipient_id_fkey; Type: FK CONSTRAINT; Schema: public; Owner: postgres
--

ALTER TABLE ONLY public.messages
    ADD CONSTRAINT messages_recipient_id_fkey FOREIGN KEY (recipient_id) REFERENCES public.users(id) ON UPDATE CASCADE ON DELETE CASCADE;


--
-- Name: messages messages_sender_id_fkey; Type: FK CONSTRAINT; Schema: public; Owner: postgres
--

ALTER TABLE ONLY public.messages
    ADD CONSTRAINT messages_sender_id_fkey FOREIGN KEY (sender_id) REFERENCES public.users(id) ON UPDATE CASCADE ON DELETE CASCADE;


--
-- PostgreSQL database dump complete
--

